id,smiles
ord-64836a6fca744252ac2345f2b4e4762d_0,Oc1ccc(Oc2ccccc2)cc1
ord-81448799139447a985ca454877c95d87_1,CCOC(=O)C=P(c1ccccc1)(c1ccccc1)c1ccccc1
ord-daf4ba5367694338ab2591f41b1c75e1_0,CC(C)(C)CN1C(=O)[C@@H](CC(=O)O)O[C@H](c2ccccc2Cl)c2cc(Cl)ccc21
ord-47a428a9721e4a74a1f659ae73f83499_0,Cc1cccc(N(CCN2CCC(C(=O)c3ccc(F)cc3)CC2)C(=O)c2ccc(N)cc2)c1
ord-fbc0fc4f8a714c35aadd804f9ca4453c_4,ClC(Cl)Cl
ord-2dc98d8590054382bf5219d4a3442d75_0,N#CCc1c(Cl)cccc1Br
ord-5d66cdab1c794ab784689ff5a3d4e879_0,O=C(c1ccc([N+](=O)[O-])cc1Cl)N1CCc2cccn2-c2ccccc21
ord-b8a5aa9b39d74e0b898f76e9233cf62f_0,CC(C)(C)OC(=O)NCCCC[C@H](N)C(=O)N1CCC[C@H]1C(=O)OC(C)(C)C
ord-bc81acde98bc4b1fabc531c70cdf4325_0,CC1=CCC2CC1C2(C)C
ord-f1ad471805684fc5b6ebc2d669085dc4_0,CC1C(=O)Nc2ccc(Br)cc21
ord-8b516180d4e44f6ab2a17607b71443c4_0,CC(=O)OC[C@H]1O[C@@H](Oc2n[nH]c(C)c2Cc2sccc2C)[C@H](OC(C)=O)[C@@H](OC(C)=O)[C@@H]1OC(C)=O
ord-d5d48ccf9ccf43208e15e96550ba9523_0,COC(=O)CCCCN(CCc1ccccc1OCc1ccc(/C=C/c2ccccc2)cc1)Cc1ccc(C(=O)OC)cc1
ord-ff9a8d4fad55412297bdb1e95d7c1e2d_2,Clc1ccccc1C=[N+]1CCCCC1
ord-250bb15c7a244c6db29dddc3306f653d_0,CCCCC/C=C\CCCO
ord-176e1dc368da4bdc88c934844ede6c9f_0,CCOC(=O)C(N)Cc1cc(Cl)ccc1OCC(=O)N1C[C@H](C)N(Cc2ccc(F)cc2)C[C@H]1C
ord-78423b0ee2724e0eb24f94e6674e11e0_0,N#Cc1ccc(C(=O)O)c(F)c1
ord-2c6f8300a25b4e1abc55717cd57e132b_1,Cc1cn(CCCC(C)Cl)c(=O)[nH]c1=O
ord-128a683dc56a4a128028ba8b3f713edc_0,CC#CCOc1ncnc(Cl)c1F
ord-90ffda470dc94633a16fd2d0d257ee04_0,CCCc1nc2cc(N(Cc3ccccc3Cl)S(=O)(=O)c3ccc(F)cc3)ccc2n1CC(=O)OC(C)(C)C
ord-2b8d2960e6dd41e7909556bcefdecec1_0,CC(C)(C)[SiH2]OC(C)(C)C1CCC(CO)CC1
ord-6d08f09e04354710a17d0a32a3d6a5cd_0,CN(C(=O)OC(C)(C)C)C1CN(C(c2ccccc2)c2ccccc2)C1
ord-4bb18f1de9ad42f881952d824f68e301_1,Clc1cnccn1
ord-983251181e004aef93b38d02e17cf7f7_0,N#Cc1cccc(Cn2ccc([N+](=O)[O-])n2)c1
ord-fe7a62813244417eabf620c30a56b95d_1,c1ccc(C2CCNCC2)cc1
ord-34368fc06629473d81e732cee37088b2_0,CS(=O)c1cc(-c2ccc(C(F)(F)F)cc2)ccc1C#N
ord-3548a6d834984527b7559eef29b5cab0_1,C[Si](C)(C)CCOCn1nc(Sc2ccccc2)c2cc(N)ccc21
ord-4a09980cb5f343ce9598f05e969b4d52_0,O=Cc1ccc(O)c([N+](=O)[O-])c1
ord-5e17c00ba76240e2aaf65ec90239c013_1,CCOC(=N)c1cccc(Cl)c1
ord-3e17db455d774392973beb3e63b1ba5a_0,CCN(CC)C(=O)NC(=S)Nc1c(Cl)cccc1Cl
ord-60fa2b14f13f4a0c8c9995497ce85fd2_0,O=[N+]([O-])c1c(Oc2ccc(Cl)c(-c3ccc(Cl)cc3)c2[N+](=O)[O-])ccc(Cl)c1-c1ccc(Cl)cc1
ord-45e89e4db5f24b42a55a018f50bf17e0_0,Cc1ccc(C(=O)O)cc1F
ord-ab7c077f2fef4eeab19b25690d4c9f4d_0,COc1ccc(Cn2cnc(-c3ccccc3)c2C(OC)OC)cc1
ord-8a947f7021f84321aabea44ce377ef1f_0,COc1c(C)c2c(c(OCC[Si](C)(C)C)c1CC=C(C)CP(=O)(O)Oc1ccccc1)C(=O)OC2
ord-d23e08876add4f53a84e1a2e71d7f132_3,Cn1c(=O)[nH]c2cc(F)ccc21
ord-204a7f32307348a1bc31f43769c92109_0,CC(C)(O)C=CC(C)(C)O
ord-3f848cf4f5904c948f0deabc712f2621_0,CC(=O)N[C@H](Cc1cccc(C(=O)c2ccccc2)c1)C(=O)O
ord-d4f8c9d85c0c423a9f6818950109a79c_0,COc1ccc2ccc(C(=O)O)c(O)c2c1
ord-ccbebb7318f94b96b6a561d0473d3f04_0,CCCc1ccc(S(=O)(=O)Cl)cc1
ord-132d52926e864bb082d78664c42f3ae1_5,C1C2CC3CC1CC(C2)C3
ord-130b5d40694543cea4acdd66c99fbeab_5,CCOC(=O)C1=COc2ccccc2O1
ord-030b5dbf3810429cbd2c12d01eaaf0e3_0,COc1ccc(CC(=O)O)cc1Br
ord-b1516aa20233412283400fce2135870e_0,Cc1ccc(S(=O)(=O)OC[C@H]2COc3c(F)cc(S(C)(=O)=O)cc3O2)cc1
ord-6e28a8d386fe456a9190bdf5a12e38f0_1,CCOP(=O)(OCC)C(CCC(=O)OC(C)OC(=O)SCC)P(=O)(OCC)OCC
ord-9e2ac0165b804ab1af0bed3ebb21f9cd_2,Cc1cc(-c2cnc(NN)c(F)c2)on1
ord-368a731995ad4219a40618e0ac9ec2b5_0,O=[N+]([O-])c1cnc(O)c(I)c1
ord-6f8f70a1bdfe497690ad71a8a601906e_2,CCCC(=O)CC(C)=O
ord-d0c8ca3c984148b98857b21126710b6e_0,CC(C)S(=O)(=O)N[C@@H]1Cc2ccc(CO)cc2C1
ord-ae6c3392537c4496afe33f4aef99babf_0,CO[C@@H]1CN(c2cccc(C(=O)OC(C)(C)C)c2)CC[C@@H]1NC(=O)OCc1ccccc1
ord-386370daeb3c4bb9a6c03a4cd0dabdc2_3,CCOC(=O)C(C)=NNC
ord-2906f5e957f2495ca5bc570d61fc013e_1,CCC(CC#N)NC(=O)OC(C)(C)C
ord-1649b73e77a84217ac42d82279826440_0,Fc1ccc(Br)cc1CBr
ord-a24eb1a7d7e74b688d316ba4012c38f4_0,ClP1OCCS1
ord-d0a4e907f78d46ac9ad967836f2c0f96_3,CCC[CH2][Sn]([CH2]CCC)([CH2]CCC)[CH](O)CC(C)(C)c1ccc(F)cc1
ord-1ffa6d2b914f46358351db5fa944536d_0,Oc1ccc(-c2nccs2)cc1
ord-e13f3a43cf4f456b92452b03e1590cab_3,Oc1cc(F)cc(F)c1
ord-157b05bda72b46399b46322f13efa189_0,CCOC(=O)C(F)(F)Oc1cccc(F)c1
ord-d7afdfdcdc424800a64cd2bf490b4e49_1,ICC1CC1
ord-d36814fdac9b4e77a07bdbd443b15151_0,COc1cc(-c2cc(Cl)ccc2C#N)c(C(F)(F)F)cn1
ord-50d04bc57d8d493bbf86638150ebe891_3,CCOC(=O)C1CCCC1
ord-ad1bdf8b1aac4ca799ba93a407c10f0f_1,COc1ccc([C@@H](O)[C@H](NC(=O)OC(C)(C)C)C(=O)O)cc1
ord-77b5c0b57b524353a8b81e99afa17583_0,C[C@@H]1CCCN(C(=O)c2c(F)cccc2I)[C@@H]1CN1C(=O)c2ccccc2C1=O
ord-6fc2cb6fd89b4fd79f53a2b916b1aa7d_2,CCn1cc(-c2cc(C(F)(F)F)n3nc(Br)cc3n2)c(C)n1
ord-91d471fa7af5481aa6e1236715a8cbd7_0,COc1c(Cl)cc(C(=O)O)cc1OC(C)C
ord-9349328707fc41c88b1215c50e613905_0,COC(=O)C1CC(=O)c2ccccc21
ord-1a9b87101a5348aba0cbbb1d20907c6f_0,Nc1ccccc1C(=O)N1CCCCC1
ord-901d954f193c43aca74ff7cd531634b3_0,C#CC1(O)c2cc(OC)ccc2CC(N(C)S(=O)(=O)c2ccc(C)cc2)C1(C)C
ord-7ccd459c441e4a12a41d3f3fa207264e_2,CCCCCC(=O)/C=C/Br
ord-83d4cad06bbf47f88a12dda05356e6f9_1,COC1OCC[C@@H]1NC(=O)[C@H](CC(C)C)NC(=O)[C@@H](N)CC(C)C
ord-f932251f261f4026a334df9d14d9d324_0,CC(C)(C)OC(=O)N1CCN(c2cc(F)c([N+](=O)[O-])cc2F)CC1
ord-527e8196511f42098723af5df7ef2eb6_0,CCOC(=O)c1nc(C(C)C)sc1N
ord-86101a0f033f487ca7f28b2ac19977a7_0,COC(=O)CNC(=O)Cc1csc(NC(=O)Nc2ccc(C)cc2OCC(C)C)n1
ord-e30272791a7d4c4ea11e97c59b3a195c_0,O=C1[C@H](O)Cc2cc(Cl)c3[nH]ncc3c2CN1CC(F)(F)F
ord-b44766811cd84b02aba4b1a60deeef63_0,CC(C)C(NS(=O)(=O)c1ccc(-c2ccc(Oc3ccc(C(F)(F)F)cn3)cc2)cc1)C(=O)OC(C)(C)C
ord-8e64dcc6990b40be99c8d84eb4c6fd47_0,CCOCn1ccnc1C(=O)C(C)=CC(C(C)C)N(C)C(=O)OC(C)(C)C
ord-97d43fb05c84418194af49e088543030_0,CC[C@H](C)[C@@H](C(=O)OC(C)(C)C)N1CCN(Cc2csc(CNC(C)C)n2)C1=O
ord-f52459c799d142a992c7878649035fde_0,CCn1cc(CN(C(=O)C2CCCc3c(O)cccc32)c2ccc(C(C)C)cc2)cn1
ord-1ba44a4edbe843d7a6f5e8ff78111968_0,COC(=O)c1cncc(-c2ccc(CCO)cc2)c1
ord-8049ec9228b844419068099866b521d5_0,CSc1cc(-n2nc(C)cc2N)ncn1
ord-deec3cbc1ce04a068b37209f3647e0cf_0,CCn1ncc(CN2CCN(c3nccnc3Cl)CC2)c1C
ord-820bfd16a99f427b9803874abbcbc2fc_1,O=C(O)c1nc2c3c(N4CCOCC4)cccc3on2c(=O)c1OCc1ccccc1
ord-a8c2f64b9b9247dda187dfb903df2317_1,Cc1cc(C(=O)c2ccccc2)c(C)n1C(C)C=O
ord-70f5cfcf297b4dba9e4b1d43b17bba4a_3,COC(=O)C1=CC=CC(C=O)(OC)C1
ord-6fcebd23b8294e7dbcbcb0151c07f74e_5,O=Cc1cnc(N[C@@H]2CCN(Cc3ccccc3)C2)c(Cl)c1
ord-222e3aa607f44266a42c840c4b1d7222_3,Sc1nc2ncccc2o1
ord-731f16c494344977a16838d401df8d57_1,CC1(C)OB(c2cccnc2Oc2ccc(N)cc2)OC1(C)C
ord-71e925be36264142835d3d4e5103cc59_1,CCCCCCCCOc1ccc(C(=O)c2ccccc2)c(O)c1
ord-4cd8ce9ee4784c2090da6beb294a5fd8_0,CC(C)(C)[C@@H]1CC[C@@H](NC2CCc3cc(Br)ccc32)CC1
ord-566f21af39df40fe9df94d26e370628e_0,C[C@@H]1CN(c2ncccc2Cl)CCN1c1cc(-c2ccc(F)c(Cl)c2)nc(S(=O)(=O)Cc2ccccc2)n1
ord-419eeb5ce9074370ac3fe667ca7557e9_10,COC1CCC(O)CC1
ord-a870a0c1965147ce963c177be784b19c_2,CC(C)(CO)C(=O)O
ord-5efa8dc105224ab6971254ee60ac5785_1,CCCCCC1CCC([SiH]2CCC(O)CC2)CC1
ord-c279d885aaa140f9bb11cee7ab004c31_0,Fc1ccc(-c2cnc(Cl)nn2)cc1
ord-287eb5caada947d5b627140bf2b53e50_1,CCOC(=O)C#CC1CCCCC1
ord-38700c80b71a4c1fae1a04124d6c81ec_0,COc1ccc(S(=O)(=O)N2CCN(Cc3nc4ccccc4c(=O)[nH]3)CC2)cc1
ord-ec82a635a1a94ca1a34a929cb9925964_1,COc1cccc2cc(C(=O)O)c(=O)oc12
ord-7178a145461e4c2c82d007310a729b96_0,Cc1c(CO)sc2cc(C(F)(F)F)ccc12
ord-f98c28c191854007aa533c27540e2eba_0,C[C@H](NC(=O)OC(C)(C)C)C1=NC=C2C=C(F)CCC3=C2N1CC3
ord-ea8a46126bf6484e98dfc4c46f09fd73_2,COC(=O)[C@H]1C[C@@H](OS(=O)(=O)c2ccc(C)cc2)C1
ord-a2dc4019f1f24d7baeecf24eb9e1108a_0,CCCCCCc1ccc(-c2c(C(=O)OCC)nn(C(C)(C)Cc3ccc(C)cc3)c2O)cc1
ord-dd0276d6552140f5b27c8e588b76a33b_0,CCc1cc(-c2noc(-c3cc(OC)nc(C(CC)CC)c3)n2)cc(C)c1O
ord-4a3bbba41d5744c88444d97f02a1ccda_1,CON(C)C(=O)c1ccncn1
ord-6a11e224b0f844e68512935309438bc0_0,Cc1nccn2c([C@@H]3CC[C@@H](N4CCN(C)CC4)CC3)nc(Br)c12
ord-433d77258b144f31aceeca9b60c1f6c9_0,CC(NS(=O)C(C)(C)C)[C@H]1C[C@@H](O[Si](C)(C)C(C)(C)C)C1
ord-14ec1fb4e65f476489de835396448f41_0,C[Si](C)(C)CCOCn1cc(C(=O)O)c2nc(-c3nn(CC(=O)N4CCOCC4)c4cc(F)ccc34)cnc21
ord-9dbf4e7f79d54b2da397043cb598ed23_1,C[C@@H](NC(=O)c1c[nH]c2ncc(-c3nn(C)c4cc(Cl)ccc34)nc12)C(=O)N1CC(C#N)C1
ord-1183ab9a9abe406ba5a5e4d98980d3f9_0,O=C(CSc1ccccc1)NNC(=O)N1Cc2ccccc2Oc2ccc(Cl)cc21
ord-ff5c61ebe03a4d6f9b61e4ed1aa7e9c3_6,O=CC1C2CCC(CC2)C1c1ccccc1
ord-befeed9ee55e4e9cb09993ace7754c13_0,C=CC(OCc1ccc(CO)cc1)c1ccccc1
ord-271966fa3bd34eb7b7b40b0f1c058e96_1,C=COCC(C)C
ord-5936e7bc549e4b6fb065ba034a5c7d12_3,COc1ccc([C@@H]2CC[C@@H](CCCO)CC2)cc1
ord-90984768b5aa4b60b51c6de775db3813_0,CC/C=C(\C(=O)OC)c1csc(NC(=O)OC(C)(C)C)n1
ord-83f9c8dd0ec8417bb815acce618ee860_0,N[C@@H]1C(=O)N2C(C(=O)OC(c3ccccc3)c3ccccc3)=C(SCSc3c[nH]nn3)CS[C@H]12
ord-c88552f36c994360941e9ba2c29b7d17_0,N#CC(=CNc1ccccc1)C(=O)c1cccc(Cl)c1
ord-c0d48d462191431388f872acdbbcc501_1,CC(=O)c1cc(C#N)cc(NS(C)(=O)=O)c1
ord-9f4d3fe7de394d389d767fb21695dc1b_5,CCn1c(-c2ccc(N3CCCS3(=O)=O)cc2)c(C#N)c2ccc(OC(C)C)cc21
ord-e80eb58aa5344119934d44cb201ea057_0,CC(C)(C)OC(=O)N1CCC(N(C(=O)Nc2ncc(C=O)s2)C2CCCCC2)CC1
ord-ecb20ee5bf2c4ddfb9bd80f4c1be3d9c_0,COc1ccc2ncc(=O)n(C(C)CN3CCC(NC(=O)OC(C)(C)C)CC3)c2c1
ord-415cbe74a1d14afa97ec427c7083b3cd_0,COC(=O)C1=CN(c2ccc(O)cc2)C(C2CC=CCC2)CC1=O
ord-daec58fd56fb47368a463e11b5e2649c_0,Nc1ccc(-c2ccccn2)cc1
ord-74c9cbe69f214dfba5e32cd6dc78da3e_1,COC(OC)c1ccsc1Cc1ccccc1F
ord-f6ede0c4444047c1b7f684677621cdb4_0,O=C1c2ccccc2C(O)N1c1ccc2ccc(Br)nc2n1
ord-b5c233bafd7342148453bd61b190d816_1,O=[N+]([O-])c1oc2ccc(CCBr)cc2c1-c1ccccc1
ord-4ade95e16fe24f61a4fae448505a7cb0_2,CC(=O)c1ccc(-c2ccc(F)cc2)c(N)c1
ord-7ae7c1997b5c4f2e989aa6b5461b0e12_0,COc1cccc2c1CCC2=O
ord-fab5cd59d5aa49b9bbb2be74ce627349_0,CC(C)(C)[Si](C)(C)OCC1=CC=C(COc2ccccc2C(F)(F)F)SS1
ord-62b58b12b16246409ef872acfa573b56_0,COc1ccc(-c2nc(CCl)nc3cc(OC)c(OC)cc23)cc1OC
ord-6d88c90eb5a74c8b9462d58f2462dfa3_1,CC(O)Oc1ccc(O)cc1
ord-ed5cb049445e47af94a362502726c457_0,COC(=O)/C=C/c1ccc(O)cc1
ord-bc99af307e574dab9ca36fa1ffcdde08_0,O=S(=O)(Cl)c1cnc(Cl)s1
ord-cbcfc47ef75f4ae7ac54054209348dc2_0,Nc1ncc(-c2ccc(Cl)cc2)cc1Br
ord-4a8a6afba1e84ff3830c63df09fe5aa2_0,OC1CC2C=CC1C2
ord-0b79629f94fe4efb8e266bd32f3cabb1_2,Cc1cc(Br)c2nc(Cl)n[n+]([O-])c2c1
ord-466b9600710d408c975be59d909d64cb_0,CCCc1cc(Cn2c(=O)n(C(=O)OCC)c3ccccc32)ccc1OC(C(=O)OCC)c1ccc2c(c1)OCO2
ord-41a92948adad4e869d141cb4288c12c7_1,Clc1cccc2c(C3=CCNCC3)c[nH]c12
ord-6799fe17465f415da90e813df5e786d8_0,Cn1c(Cl)c(-c2ccccc2)nc(-c2ccccc2)c1=O
ord-d9a344fa5efb47a38b46a7b2a2ece423_0,[N-]=[N+]=NC[C@@H]1CN(c2ccc(C3CN(C(=O)OCc4ccccc4)C3)c(F)c2)C(=O)O1
ord-236d39750575456dac7b784cf770896f_2,N[C@H]1CCCC[C@@H]1N
ord-18650eff5c70498eb30a642e0015673d_2,CCOC(=O)c1cnn(C(C)(C)C)c1C#N
ord-1e8bcf824f054058b353b6dfa5b0b7ed_1,CCCCCCCCC#CCC#CCC#CCBr
ord-f13065493ae64e4193aad861b7ecaefa_8,CN1[C@@H]2CC[C@H]1C[C@@H](OC(=O)C(CO)c1ccccc1)C2
ord-446fcc6ab5c94ce39da226d4f26ea92d_1,NNc1cccc(OCc2ccc3ccccc3n2)c1
ord-ffb5e7a73f80478e95aef705d3ef800b_0,COC(=O)c1cc(N)ccc1Nc1ccccc1
ord-c05b15240a3e4c1882571da771102895_2,COc1ccccc1C(C)(O)Cn1ccnc1
ord-18adc4b738a840d8967bdca36696ded8_0,CCOC(=O)N1CCC(Nc2nc3cnccc3n2Cc2ccc(C)o2)CC1
ord-e49637337b39499fb60464279351b043_0,COc1cccc2c1C(=O)c1c(O)c3c(c(O)c1C2=O)C[C@@](O)(C(=O)CO)C[C@@H]3O[C@H]1C[C@H](N)[C@@H](O)[C@H](C)O1
ord-3dc897e7c99d4f3ba11d71ea75107495_1,CCNC(=O)C(C)c1ccc(C#Cc2ccc(O)cc2)cc1
ord-b072d1a30e0442cf89e12e65e6d0669e_1,CN1CCc2ccc(B3OC(C)(C)C(C)(C)O3)cc21
ord-456dc120aa244cb295713934b23d7400_1,N#CC1(c2cc(-c3cnc(N)c(-c4cc(-c5ccccc5)no4)n3)ccn2)CCCNC1
ord-8c65f5bf5241465bbacb8a779a1fc5e9_0,Cc1cc(NCCNC(=O)/C=C/C(C)C)c2ccccc2n1
ord-4aa6c05bcf6a49d8a81f22ed3d8ec902_0,Cc1cc(C)n(-c2ccc([N+](=O)[O-])cc2O)n1
ord-2abfda4e64324c5b9869a32e5436db68_3,COC(=O)c1cc(Br)c(C)c(CO)c1
ord-44bbbcfb60434c92a4115ff9a4c62cda_0,C[C@@H](c1ccc2nnc(-c3ccc4cccc(C(C)(C)C)c4n3)n2c1)N1CC[C@H](NC(=O)OC(C)(C)C)C1
ord-bc8de94e3a8b42c48397dab37f5701b3_1,CCOC1=NS(=O)(=O)C(C)(c2cccc(Br)c2)C(C)(C)O1
ord-ce3a389865564bb5838d1c323b8fa49d_0,Cc1ccccc1-n1nc2c3c(F)ccc(F)c3n(Cc3ccc(-n4cccn4)cc3)cc-2c1=O
ord-dfcad035ce1a425dbb61dbbca1cb6cce_0,Nc1ccn([C@@H]2CS[C@H](COC(=O)c3ccccc3)O2)c(=O)n1
ord-c5bdde8fc03c4916a1c00d07db02d4ed_0,N#Cc1ccncc1Br
ord-429d9048f2d049129c537c471698c7ed_3,O=C(CCCCCBr)c1nsc2ccccc12
ord-b5a7cbd289cb4d4c8494d165fb3217cd_0,Cn1cc([N+](=O)[O-])c(NC(=O)C(F)(F)F)n1
ord-811d0ae9be05406da82cf2c1e095b018_1,COc1ccc(N)c(Cl)c1
ord-51f6f6caf0b54d16a1db601f9700db44_4,CCNC(=O)Oc1cn2ncnc(Oc3ccc(NC(=O)NC(=O)Cc4ccc(F)cc4)cc3F)c2c1C
ord-66b0f28336d749b08817bde2d86eaeff_0,Cc1ccc(-n2ncc(=O)[nH]c2=O)cc1C(=O)NCC1(O)CCCCCC1
ord-c1257fec8ba644eabdb1eb291a29aac7_0,CSc1cc(C(=O)O)nc2cc(Cl)ccc12
ord-45feb3582698417a8dfc24969f13cb0c_0,COc1ccc(N)cc1NC(=O)NC(=O)c1cc(F)c(F)cc1Cl
ord-cccc71e19d034744869a56f0a372cf5c_0,C=C(C(=C)c1ccc(OCc2ccccc2)cc1)c1ccc(OCc2ccccc2)cc1
ord-c0de8a02ad934412b2796506b0bef1b1_0,COC(=O)C1(O)CCOc2c(OC(F)(F)F)cc(Cl)cc21
ord-f6afcd1fcd7a4609b4668316af90c450_0,O=C1C[C@@H]2[C@@H](CO)[C@H](OC(=O)c3ccccc3)C[C@@H]2O1
ord-b912eaba23384d21b5d4e1751cf41837_4,COC(=O)C(=O)[C@@H](N)COCc1ccccc1
ord-a9ea0e969ed54b3d99c0a5f2605929ea_2,CC1(C)COC(c2ccccc2F)=N1
ord-920785c218cf4fe790f3acaf11cbf2de_0,C#CCC1CCC(=O)CC1=O
ord-044d5e6c806a4096998d0ec6e5832f7b_0,CCN(CC)c1ccc(C=O)c(OC(C)=O)c1
ord-94cac9818ebc47fc8870d28fe5377af7_2,C=CCC1(C=O)CC2C=CC1C2
ord-9a3dda8fcaa34b6db286e515c4201983_0,COc1cc(C)c(C(=O)c2c(Cl)cccc2Cl)cc1O
ord-782c29c503884c50985cba47e3f028ca_0,NC(CC(=O)O)C(=O)O
ord-3f6520d8d6664872bb44620eb6cd6fa1_0,Cn1c(C(F)(F)F)cc(=O)n(-c2ccc(Cl)c3cc(C=O)oc23)c1=O
ord-7fade6259fd94b63a9b5f12d79415956_0,C#CCNS(=O)(=O)c1ccc(C)cc1
ord-755ff58a002b41669386ac1fe6dcd4ec_1,Clc1nc(Cl)c2c3c(sc2n1)CCCC3
ord-ace8dcf44c4d42fbaccd8f0ff65ea684_1,Cc1csc2nc(Cl)nc(NCc3ccc4c(c3)OCO4)c12
ord-482ba82030834efaa2ec10e3b0158c05_0,CCOC(=O)C=Cc1cccc(C=CC(=O)OCC)c1[N+](=O)[O-]
ord-5647d04c62a144d0917b136f276b66e2_1,CNC1CCc2ccccc2C(O)(c2ccccc2)C1
ord-f2212cf6b92b4721b9f3208309557732_0,CCOC(=O)C(CCc1ccccc1)N[C@@H](C)C(=O)C1NC(C(=O)O)Cc2ccccc21
ord-3831341fb92747f1ab60d9042c3a3662_1,CCCCCC[C@@H](O)CC(=O)O
ord-3f02f4cc7e88499b911f566cb7c57a37_1,COc1ccc(-n2nc(CCC(=O)O)cc2-c2ccc(Cl)cc2)cc1
ord-a10a17ecde5a46e099259721299bde56_0,COCn1ccc2cc(OC)ccc21
ord-89ec0bbcbf7541dfb967985c5c4bf35c_0,COc1ccc(C2=C(C(O)c3ccc(OCCCN4CCCCC4)cc3)c3ccc(OC)cc3CC2)cc1
ord-945ef153dba84ba18f109338b2a3cf29_1,COc1ccc(C=CC(=O)O)c(Cl)c1OC
ord-fe67965e050e43a6b0878baca7d229e6_0,CCn1nc(C)c2c(Cl)c3ccccc3nc21
ord-f264d4326af84e5f8890e14e099bd60c_1,CCOC(=O)CC1CCc2cc(NC(=O)c3ccc(C=NN)cc3Cl)ccc2O1
ord-3181b67c5a0f42d1bf15c062eb87f522_0,CCOC(=O)n1c(C(=O)c2cccc(C)n2)c(NC(C)=O)c2cc(Br)c(Cl)cc21
ord-ade35400b7214814829f611f5787d0d3_2,CC(CCO)C(F)(F)F
ord-d04ead8f5eb34714bdb6584c69d3e4c2_2,[N-]=[N+]=NCCc1ccsc1
ord-d76c32d5f919429f8382959dda4c2d58_0,CCOC(=O)c1cc(OC)c(OCCCN2CCOCC2)cc1N
ord-4aebbde5ef2b4d129a0e062d0d9c91ca_1,CN1CCN(c2cccc(Br)n2)CC1
ord-85b7039681764b56b930fd22abf2fe66_0,CSc1ncc(B2OC(C)(C)C(C)(C)O2)cn1
ord-959372577c644e83871e7a227d001227_0,COc1ccc(-c2oc3ccc(NC(C)=O)cc3c(=O)c2OCc2ccccc2)cc1
ord-0ac2b40f71444ea392ef75a8fe9be649_0,CCn1c(=O)c(B(O)O)cc2cnc(Nc3ccc(N4CCN(C)CC4)cc3)nc21
ord-44aad11a2a3e4713a9592c3d1ded5f66_1,CC1(C)OB(c2csc(C=O)c2)OC1(C)C
ord-884a3c5d8d1e4eb396da9d8119bc3033_4,Nc1c(Cl)cc(C(=O)n2ccnc2)c2c1CCO2
ord-05ab6d1d93ee463db8eafbed59358037_0,CCCc1nnc(N)o1
ord-1a9aa6953a1d427ea3e6c7a55de9d6b7_0,COC(=O)c1ccc(C(O)CCc2cccc(O)c2)cc1Cl
ord-730beb1a9dc6452d8cfc984ce97552ee_0,N#Cc1ccc2c(ccn2-c2ccc(F)cc2)c1
ord-ca3436c740b24956bc5a081742452d80_0,CCOC(=O)CCCc1nc(-n2ccnc2C)oc1-c1ccc(F)c2ccccc12
ord-44fafc9aac4d41fba180520a70440753_0,Nc1ccccc1NNC(=O)OCC1CCN(c2ccncc2)CC1
ord-5951a44718054801958dd86594345d49_0,CCCC1(CCC)CN(Cc2ccccc2)CCC1O
ord-05edc4a1862240078977c9f8fc3a1a5f_0,C=Cc1cccc(CC)c1
ord-fa689865b1124a31a006ffd53beecd19_4,C=CC[C@H]1c2ccc(OC)cc2SC[C@@]1(C)c1ccc(OC)cc1
ord-0f42f5a908884eefaf27c6ca9362f030_0,Cc1cc(C(=O)O)c(OCc2ccccc2)c(=O)n1CC(=O)OC(C)(C)C
ord-d21d5a9936994361af1147f13b49b42e_0,COc1cccc(N)c1C(=O)NCc1ccccc1
ord-5b67af9bf40c45e49f31644160a14fbd_0,O=C(O)C(Br)c1ccc(Cl)cc1
ord-8e4e04d71abd4880861e6797d764abe4_0,Nc1cccc(Nc2cc(Nc3ccc(F)c(Cl)c3)ncn2)c1
ord-8ffe069a8393497fa46e9b253d98c8cb_0,O=c1c2ccc(O)cc2on1C1CCCCC1
ord-ad3db01db40e47b99ab8a43282354123_0,C[C@H]1CNCCN1c1ccc(Nc2cc(Cl)nn(C)c2=O)nc1
ord-639ec45650af4875a545357d0ad21e8b_1,Cc1cc(C)c(C2C(=O)C3C4CCC(O4)C3C2=O)c(C)c1
ord-7cf7ca2d4cb04730b3ec44195e576749_0,CC(=NO)c1ccc(O)cc1O
ord-db25fe33a69f4a41a8228bf6d9ebd57c_2,N#CCCOCCN
ord-4ff402c7888d44fe913570785a9d0582_0,CC(C)=CCC[C@@H](C)CC=O
ord-cd6f9f42e3be49f9bcc09c2ba8fba348_0,COc1cccc(-c2nc(CBr)sc2Br)c1
ord-a30c9fa283494f09879056a517b47a7f_0,COC(=O)CC1=C(c2cccc(OC)c2)CC(C)(C)CC1
ord-9bf525dbeb9e4327955b1bfdbc46e2aa_0,Nc1cc(Cl)cnc1Oc1ccccc1F
ord-6aeb20adfbb747df8ba39445bdee1122_1,Nc1cc(C(F)(F)F)ccc1[N+](=O)[O-]
ord-68554c41a5d445eaa5920f338281bc55_0,Cc1cc(F)ccc1-c1cc(NC[C@@H]2CCCN2)ncc1N(C)C(=O)C(C)(C)c1cc(C(F)(F)F)cc(C(F)(F)F)c1
ord-440eb2fd046740beb40a6a0d303cf791_0,O=C1N(Cc2ccc(O)cc2)c2ccccc2C12COc1cc3c(cc12)CCO3
ord-bb54b3e1f07d40aea2e53cba5ddc86b6_0,COC(=O)C1=C(Nc2ccccc2N)CSC1
ord-719dae6184614556b54ea9d9c893c195_0,CC(=NN)c1cccc([N+](=O)[O-])c1
ord-a87fd2726564432596606f86a7e6fcb3_0,Cn1c(C(F)(F)F)cc(=O)n(-c2cc(Oc3ccc(O)cc3)c(Cl)cc2F)c1=O
ord-97e93d0900fa4ab98641e73a54e603f6_0,Cc1ccc(Oc2ccc(C)cc2)cc1
ord-701ef969489f4dcf93bc07a936592e0f_0,COC(=O)[C@@H](C)NC(=O)[C@H](Cc1c[nH]cn1)NC(=O)[C@H](COCc1ccccc1)NC(=O)[C@H](Cc1ccc(OCc2ccccc2)cc1)NC(=O)[C@H](Cc1c[nH]cn1)NCc1ccccc1
ord-0ef1a9bcd15e49589cf3dd7213991fb6_0,COC(=O)Cc1cccc(C(F)(F)F)c1
ord-7c7cba9854de450c9183c3c10eb85596_0,c1cc2ccc3ccc4ccc5ccc6ccc1c1c2c3c4c5c61
ord-86cd06c24e244871a185d1e44a745b63_0,Clc1ccc(C2NCCc3ccccc32)cc1
ord-cd67e748fea240d4983b559e9d22d312_1,O=C(O)C(O)CCCCCOc1cccc(F)c1
ord-e7b6374fcb754346ab42df303911586b_1,Cc1nn(CCO)cc1N
ord-96ed783239bb47a1bd7d947386b31e8c_0,CC(C)(C)OC(=O)CCCOc1cc(Cl)c(Br)cc1C(=O)O
ord-07656deb32304cde8041f5b6830f21f7_4,CCOC(Br)C(=O)c1ccccc1
ord-139c10e7e87e41a7b0312ff6252e2d55_0,O=C(O)c1ccc(-c2cnc3ncc(Cc4ccc5ncccc5c4)n3n2)cc1Cl
ord-0968702f1a324cdfa79178fb0a7fd320_0,COC(=O)c1ccc2ccn(-c3ccc(SC)cc3)c2c1
ord-cdffb7bcbf2f4492b4e0d83b4c3b0c7a_0,CC(C)(C)c1cc(N)n(C[C@@H]2CCCO2)n1
ord-6f4ccef08a174c30827987c018f8df28_0,CC(C)(C)c1cn(C[C@H]2CCCO2)c(=N)o1
ord-0b206f33d84b4dbc9ac0eaf41ba488fb_0,NS(=O)(=O)NC[C@H]1COc2ccc([N+](=O)[O-])cc2O1
ord-ea9d96a8678c42a6b8d72a7b1f266ba8_0,CC(C)(C#N)c1cccc(C(=O)Nc2cccc(Oc3ccc([N+](=O)[O-])cc3C#N)c2)c1
ord-bafe5fe0693a488ab99cdfd12503545d_0,COC(=O)[C@H](Cc1ccccc1)NC(=O)C1CCCCC1
ord-1118eef5711f4d568d1d402945cbd4db_0,CCOC(=O)[C@@H]1[C@H]2C=C[C@H](CC2)N1[C@H](C)c1ccccc1
ord-c5429b222a364ded8e2c7ce6bb1731b4_0,CCOC(=O)c1c(CCc2ccc(F)cc2)cc2c(c1-c1ccc(C(=O)OCc3ccccc3)cc1)C(=O)N1CCC[C@@H]21
ord-4eec49078e7c42b096117737a483f215_0,CCCCC1(CC)CN(c2ccccc2)c2cc(SC)c(O)cc2S(=O)(=O)C1
ord-53af1c8c71eb4a9e8d77ba4c9521f8b6_0,COC(=O)CCCCCOc1ccc2nc(SCc3ccccc3)n(-c3ccc(C)cc3)c2c1
ord-169277c1b435428aa2a080e056322b31_0,COC(=O)CN(CC(O)CSc1ccc(Cl)cc1)c1ccccc1
ord-2d96f7fcccdf4b2f95d86eef79624243_0,O=C(O)C(=O)c1cscn1
ord-11d452ae38fa4868bba4db76d9a347df_0,CC1(C)OC(=O)Nc2ccc(OCCCCSc3cc(Br)c(N)c(Br)c3)cc21
ord-dab080d6ec844fe6ab9b965bb712b678_0,C=C(CC)CC/C=C(\C)CCC=C(C)C
ord-5c29bb801672415cb44ae4d5e5c3869e_0,Cc1nc2c(c(=O)[nH]1)-c1ccc(Cl)cc1C(c1ccccc1)=[N+]([O-])C2
ord-8e53bd09a0ed4cb3af88766be1a44130_0,O=CC1=Cc2cc(Oc3ccccc3)ccc2OC1
ord-f63c1abc4d4d42d1996714010758c770_0,O=C1CCN(C2(c3ccccc3)CCCCC2)CC1
ord-79f48bfa02d64971a0f5717e6508eb2e_1,COC(=O)N1CCc2ccc(Br)cc2CC1
ord-591742236f1f4e52856540456cc7de78_0,COC(=O)C(C)(C)c1cc2cc([N+](=O)[O-])ccc2[nH]1
ord-de0f5d00bdcd4e569b819d59a9f45a50_1,CC1(C)O[C@H]2[C@H](n3cnc4c(N)ncc(F)c43)C=C[C@H]2O1
ord-7a4ddcf9d6b449a1b8e68e2082711f0d_0,CC(C)(C)OC(=O)NCCCCCCOc1cccc2c1C(N)=NS(=O)(=O)N2
ord-6595173633d74b31b642721006913888_0,CC(C)(C)OC(=O)NCCc1cccc(-c2ccc(C(N)=O)cc2)c1
ord-da90e28ef26449fbab292af5079c540e_4,CC(C)(C)OC(=O)N1CCC(Oc2cccc(C#CCCCN)c2)CC1
ord-a08c7298b4694b8c901e655512e90c83_0,O=C1C=CN(C(=O)OCc2ccccc2)C(c2ccc(F)cc2)C1
ord-5fb29633345a41028f1abda293bf83b6_1,O=C1CCCc2[nH]c3nc(Br)ccc3c21
ord-2033458ce6984dd9881133a3bc060aec_0,CCCOc1ccccc1C(=O)/C=C/c1coc(-c2ccc(OC)c(OCc3ccccc3)c2)n1
ord-4d7894b18cae4d32a9134e8990bf4b1d_0,O=c1[nH]c2ccc(F)cc2s1
ord-2e969a9dfac24666a95fabd8ef61fc44_0,O=C1CCN(Cc2ccccc2)CC1c1ccccc1
ord-20f8ac679259410096b3daf7685e39c6_0,CCOC(=O)c1c(Cl)nc2nn(Cc3ccc(OC)cc3)cc2c1Cl
ord-e84ca4d626ed4802b5b2e5a13600ef55_1,CCC[CH2][Sn]([CH2]CCC)([CH2]CCC)[c]1cnn(C(c2ccccc2)(c2ccccc2)c2ccccc2)c1
ord-103d502002a54c3283e0c6f0613f3ed0_1,Clc1ccc2sc(C3=CCNCC3)cc2c1
ord-25965dd2862540428e028f632ff731e3_0,CCOP(C)(=O)COc1cc(Oc2ccc(C(F)(F)F)cc2Cl)ccc1[N+](=O)[O-]
ord-f8fa0736e51247d9858f734fd4f23b82_0,COc1ccc2ccccc2c1C=O
ord-ce116fe2bfc64035905ddae6f2c6b772_2,CN(C)C(=O)Nc1cc(Oc2ccc(N)cc2F)ncn1
ord-7baa921348f84d15990174af54be09eb_1,Cc1cc(C(=O)O)nn1CC(=O)Nc1ccccc1
ord-1b9f8e6b08e74a10adefc26be60d3bfd_0,Cc1cc(/C=C/C(=O)OC(C)(C)C)ccn1
ord-721fa65378ed438bac668584e3190458_5,Clc1ccc(Br)cc1CBr
ord-8e637e96efc54254a8555753790b3c9f_2,CCc1cnn2cc(-c3ccccc3)c(-c3ccc(C=O)cc3)nc12
ord-7389033e360f4fe89dcd590616ee5495_0,O=C1O[C@]2(CCN(C(=O)C3(c4ccc(-c5ccc(F)nc5)cc4)CC3)C2)c2ccccc21
ord-083824b616524996a9514a0d1b5cf9aa_0,CCOC(=O)c1cc2c(C3CCCCC3)c(-c3ccccc3)[nH]c2s1
ord-c09b4200aca549db8934cd224a8331e2_0,COC(=O)c1ccc(C(=O)N[C@@H](c2ccc(OC(F)(F)F)c(F)c2)c2ncccc2F)nc1
ord-0412bf5fab1f4b0d9964a1fb4649be0c_0,COc1ccc(C)n2nc(CCc3nc(Br)cn3C)nc12
ord-ff676ed7db3541bf8b5bb5f83bea7ea8_0,CCOC(=O)C1CCOc2cc(Oc3ccc(C(=O)NC4CCCC(c5ccccc5)C4)cc3)c(Cl)cc21
ord-104a774647d34b5087789a77a922fdd0_0,CC(=O)c1cc(Cl)c(C)c(C(N)=O)c1-c1cc(F)cc(F)c1
ord-db6af07c184a475894e341e741528b60_1,CCOC(=O)CC(=O)c1cccc(Cl)c1
ord-74980e14a5f54648a41fe038f44899bb_0,O=C(O)c1c(Oc2ccc(F)cc2Cl)cccc1C(F)(F)F
ord-fd38925c2cb943349b06e77c1c30b641_1,COC(=O)c1ccc(F)c(B(O)O)c1
ord-992334d313124daabe7b31cb93a6f9e0_0,COc1ncc(-c2cccc3cc([C@H](C)Nc4nc(Cl)ncc4I)n(-c4ccccc4)c(=O)c23)cn1
ord-d32961cb05054252aaec691bc60202fa_1,CCOC(=O)C1CCC(Nc2nnc[nH]2)CC1
ord-a18d776c880d49c5a18c05ae2c782394_0,COC(=O)c1ccccc1CSc1cc(Cl)ccc1[N+](=O)[O-]
ord-e32562345acf498ea3c5334ba888e0de_1,CCCCN(C)C
ord-e4675e88da1d43978d776942ea5c85cc_0,CC(C)(C)OC(=O)NCc1ccc(-c2ccc([C@@H](O)[C@@H](CF)NC(=O)C(Cl)Cl)cc2)s1
ord-8c6330e25cd74115a5436c0b5473ac6d_0,NC(=O)c1c(Nc2ccc(-c3ccccc3)cc2)n[nH]c1N
ord-e1a0a89421c241f2b2e251d81233fbec_2,Cc1ccccc1N1CC=CC[C@H](N)C1=O
ord-8dbee78cffb24c63b593a2104a013473_1,CC1(C)CCC(C=O)C1=O
ord-67f7b26c2ed24c3ebedb3ecc71d7e8b7_0,Brc1ccc2ccc3c(Br)ccc4ccc1c2c43
ord-e71e801a9ff94b5f83635a8dce8ff48e_0,C[C@@H](O)[C@@H](NC(=O)OCCCCCc1ccccc1)C(=O)O
ord-a5507b277d9543b8a7e79c784e16ef3d_0,COC(=O)C1CCCC(NC(=O)OC(C)(C)C)C1
ord-dced18df11d64e87af28f54aa49a2c44_0,COc1ccc(-c2cnc3c(c2)c(-c2ccn(Cc4cc(F)cc(F)c4)n2)cn3S(=O)(=O)c2ccc(C)cc2)cc1NS(C)(=O)=O
ord-f235181dea6d4c11904146ab2f1e4cf6_0,O=C(c1cc(Cl)cc(Cl)c1)C1Cc2sccc2C1=O
ord-1fa98a31f5e74e36af2210d257220b05_2,OC1CCc2c1ncnc2N1CCNCC1
ord-61a25755c57548ad9e620bb4f678694c_0,CC1(C)OB(c2ccc(OCc3ccc(C#N)nc3)cc2)OC1(C)C
ord-7ccb762cd9224a2cb1a292ea69ff8dbb_0,CCn1nccc1Oc1cc(Sc2ccccn2)cnc1Nc1nc([C@@H]2OC(C)(C)OC2(C)C)ns1
ord-1e9126c27a8142aba76af9db739a0cae_2,C=C(c1ccc(I)cc1)c1ccc(OC)cc1
ord-402ae106531a4965b7ee3d4e5055d5f0_0,Cc1cc(Nc2nc(Nc3cc(C)c(C4CCCNC4)cc3C)ncc2Cl)n[nH]1
ord-21e41535fba549c3812c2855f9d7d659_0,COc1cc(-c2cccc(F)c2)cnc1C#N
ord-e3b0014bcfdc43dc8ee2edf67c6081e0_2,CC(C)(C)[PH+](CCCS(=O)(=O)[O-])C(C)(C)C
ord-371335d11e8b4e1ea1c185f68bae97d6_1,C=CCn1c(=O)c2cnc(Nc3ccc(N4CCN(C)CC4)cc3)nc2n1-c1cccc(N)n1
ord-fb1c9181c7764039806761d7e759408a_1,CCC(O)(CC)c1ccc(OS(=O)(=O)C(F)(F)F)c(OC)c1
ord-d2549e01778449eca7d1b490aaef95fb_0,COC(=O)COc1ccc(OCC#Cc2cc(Br)cc(C#Cc3ccccc3)c2)cc1
ord-411c533f6e9e459a9d6bab26ded5d9d6_1,CC(C)(C)OC(=O)N1CCN(C(=O)OCc2ccccc2)C(C=O)C1
ord-2844486d2b0a4034ad4fe00336af0379_0,OC/C=C(\c1ccc(I)cc1)c1ccc(C2CC2)cc1
ord-6ed7b62489d84f9581da83435fa4d632_0,C[Si](C)(C)CCOCN1C(=O)CC2(C=CN(C(=O)OCc3ccccc3)CC2)c2cccnc21
ord-e1a6429a9b8d4bcba0bb34e654f187e0_0,O=[N+]([O-])c1ccc(Oc2ccc(-c3c4nc(cc5ccc([nH]5)c(-c5ccc(Oc6ccc([N+](=O)[O-])cc6)cc5)c5nc(cc6ccc3[nH]6)C=C5)C=C4)cc2)cc1
ord-69bc03cdae5d405eb924f9c73d4fb9ac_1,[N-]=[N+]=NC(=O)C=Cc1ccc(Br)cc1
ord-b73fa00d1a064962a68c13b6b147da03_0,COC(=O)c1cn(S(=O)(=O)c2ccccc2)c(-c2ccccc2)c1C
ord-c0732cf615164cf896a991687af1f34e_0,CCOC(=O)Cn1nnc(-c2cc(N3CCC(Oc4cc(F)ccc4Br)CC3)no2)n1
ord-7968daa2fdae4ae28f677a355a61776f_0,O=C(Nc1ccc(S(=O)(=O)NC2CCNCC2)c2ccccc12)c1ccccc1
ord-5ce40dbdcbab4a6f9c0a890041fe03d4_5,CCOC(=O)C(=CN(C)C)n1cc(C#N)nn1
ord-6f2a0ddab3ef4b25b66fd79945d51302_0,CCOC(=O)c1cccc2[nH]ccc12
ord-a455c188eda345e89549db10fe1af8dd_0,Cn1nnc2c(C(=O)Nc3ccccc3N)ncn2c1=O
ord-e7ec9d0b9bcd48629a812171d23f356a_0,CC(C)[Si](OC(C)(C(=O)NNC(=O)c1nc(Br)c(C(F)(F)F)cc1N)C(F)(F)F)(C(C)C)C(C)C
ord-b3c7173ef1534b90887d0c10e82ba97d_0,COc1cc2ccsc2c2c(OC)cc3ccsc3c12
ord-7ecbf2ef910943bfa57b2f5b2e0d40d7_1,CC(=O)c1ccc(C(=O)O)c2ccccc12
ord-7ca61d9bd7a843c98a1ea492b47c803d_5,O=c1[nH]c(=O)n(-c2cccc(C(F)(F)F)c2)cc1Br
ord-f55534d8a5b7445fa700f1232739c305_0,Fc1cccc(CNc2nc(Cl)nnc2Cl)c1F
ord-bc6c127bc5bf4e6ba806434e63dbc524_0,CC(Oc1ccc2c(c1Cl)C(=O)NCC2)C(F)(F)F
ord-7151c5baf3ca4fa2bc518651f90b6fcf_0,COC1CCc2c1nc(S)[nH]c2=O
ord-323263f2408d45c29171f55ee7ad82af_3,CC(C)(C)N1CCOP1Cl
ord-94fc07399f174f87b6d825ec697f401a_0,COc1ccc2c(c1)NC(=S)c1ccccc1N2
ord-7346ebc0beb7496aaf0a02a83add1c86_0,N#Cc1cccc(N(C(=O)NC2CCCN(Cc3ccccc3)C2)C2CCCCCC2)c1
ord-4a44de640d77421f873c40d1c1c8b61e_1,CCCCc1nc2cnc3ccccc3c2n1CCCN
ord-e164c78e9d0440669c5fe363ea31a06c_1,Cc1cc(B(O)O)ccc1C=O
ord-fbcfbca3c46649149197a1f6b981a894_1,CCOC(=O)C(Cl)NO
ord-cfd084a99a35436eadae197b74138a7c_0,CC(C)(C)OC(=O)NC1C=CCC2C(=O)N(CCc3ccc(C#N)cc3)C(=O)C12
ord-b184f81289be457baa19f55171c8e73b_0,COC(=O)n1ncc2c(NC(=O)NCc3ccc(N4C5CCCC4CC5)c(C(F)(F)F)c3)cccc21
ord-3c92095a1a0447fcb4fcc17b41d8fc89_1,Cn1ncc(C(=O)O)c1C(=O)Nc1ccc2nc(N3CCCC3)nn2c1
ord-397d63dd3928496581b293d53ee8448d_0,CCOC(=O)C(=O)c1c(C)sc(Cl)c1Br
ord-4f4082d581b54b8a873cf6f30893bf19_0,O=C([O-])c1cncc(-c2nnc(Cl)c3c(-c4ccccc4)cccc23)c1
ord-c5c650c28ef24d56a4365749ef80665b_0,COc1cccc(OC)c1C1C(=O)N(C(=O)OC(C)(C)C)CC(=O)N1Cc1ccc(OC(F)(F)F)cc1
ord-90b51c5f4bee437b9b88568f646d8b79_6,CN[C@H](C(=O)O)c1ccccc1
ord-b4605ab9482d4b2f807224d422d3e094_0,Nc1ccc(C2CCOCC2)cn1
ord-8c8fc3c390864071a3bbc2c613908dd3_0,NN(c1ccccc1)c1cc(Cl)nc(Cl)n1
ord-5a791761b09e43b499a93a75dc35b801_1,O=S1(=O)CC=C(N2CCCC2)c2ccccc21
ord-9e917815dc6a42dea3435fc387666331_1,CCOC(=O)CCc1c[nH]c2c1C(=O)CCC2
ord-b5aa1e46b557412a979b27257c70ef9c_2,Cc1nc(-c2ccc(C(=O)O)s2)cs1
ord-a740302dd3634b6f98243ec5c50203f5_2,NN1CCCC(c2ccccc2Br)C1=O
ord-842660ec54c04089963f5f203f4bdb68_0,CCCC(F)(C(F)(F)F)C(F)(F)F
ord-3331058338024fccb122eacb8406495e_0,COC(=O)c1cc2c([nH]1)CCC2Cc1ccc(Cl)c(Cl)c1
ord-6f8fe92a043b4a2c965b61f56de8435f_0,CN(CCCO[Si](C)(C)C(C)(C)C)c1nc(Cl)c(C#N)cc1F
ord-c8222074f938427091150ae6ab68adf9_3,CONOOC
ord-6befc63e1cb84276ae6e45638ccaedf9_0,CC(C)c1ccc2c(Nc3cc(C(=O)N[C@@H](C)c4ccccc4)ccc3Sc3ccc(NC(=O)OC(C)(C)C)cc3)ncnc2c1
ord-6751c4f4919640af8d19829422dd6ad5_4,Cc1ccc(Sc2ccc(O)cc2)c(N)c1
ord-e6863d0549204a81a504b6a6be2057b3_2,CC(=O)c1cc(C(C)=O)cc(C(C)(C)C)c1
ord-dc7b0dae97c04c09ba76bebd83cfc9d7_0,O=C(CCCc1ccccc1)N1CCc2ccoc2C1
ord-a3e776367afe485ba9b74c8249efd586_0,CN(C)Cc1cc2c(o1)CCN(C(=O)CCCc1ccccc1)C2
ord-3d4203d0a7e94fc0b05be808b7d77e36_0,COC(=O)c1cc2c(o1)CN(C(=O)c1ccc(C(=O)c3ccccc3)cc1)CC2
ord-c6cde53cddfd47a3bb65002111b29f8e_0,O=C(O)CCS(=O)(=O)NCCOCCc1ccccc1
ord-3bb2140ead4d4e1c904138a4bea46b5f_0,CC[C@H](C)[C@H](NS(=O)(=O)c1cccc2ccccc12)C(=O)N[C@@H](Cc1c[nH]c2ccccc12)C(=O)OC
ord-2bac673b05b947f2a80d49ec11dd0cbb_1,OC1(c2cccc3c2OCCO3)CCNCC1
ord-ec9f97c2f8b148259007cbbf5ac95ce7_0,COc1ccc2ccc(S(=O)(=O)N[C@H]3CCN(Cc4cccc(C#N)c4)C3=O)cc2c1
ord-9805fd7e021a4b94a7a3aa51c8c842fd_1,CCOC(=O)c1cn(CC)c2cc(C#N)c(F)cc2c1=O
ord-683e05ed95fc4f47b1ea831de4a93909_0,CC(=O)OC1NC(=O)[C@H]1NC(=O)COc1ccccc1
ord-d7504e79ba394a9d8a9ed861d272869c_0,CN(C)Cc1ccc(CSCCNc2ncc([N+](=O)[O-])c(=O)[nH]2)o1
ord-771797f41eba40c39c8dabe7082c5245_2,OCc1csc(N2CCOCC2)n1
ord-7585ba65a4844806a59eb4702f742e9e_0,O=C(c1ccc(F)cc1)c1nc2cc(OCc3ccccc3)ccc2c(=O)[nH]1
ord-1e54a5157b664840832b9ed16121402c_1,Cc1nc2cc(F)c(-c3cnc(C4(O)CNC4)nc3)cn2c1Cc1ccccc1OC(F)F
ord-7b2b6ba395cc4a35818b90a1cabd906f_0,CC(=O)NCCC1=CC(C(N)=O)N2CC1N(OCc1ccccc1)C2=O
ord-d3427ae677ba4ac8b23a654b79dc9c42_0,CSc1nccc(-c2cn(C(C)C)nc2N)n1
ord-9f325c4e83ad4ea6b9c87281355ff7e6_0,[N-]=[N+]=N[C@H](C(=O)N1C(=O)OC[C@@H]1c1ccccc1)[C@@H](c1ccc(F)cc1)c1cc(F)cc(F)c1
ord-23824cb6d9bb43c9be51cce5d02fcad2_1,COc1cc2c(Cl)ncnc2cc1OCCCCl
ord-ef4fab64021a4e589ec0103e58faa631_0,Cc1ccc(-n2nc(C(C)(C)C)cc2N)c(C)c1
ord-97c53237d3bd48b6bcb0db097a6405b2_0,COc1nccc2c(-c3cc(S(C)(=O)=O)ccc3N(C)CC3CC3)cn(C)c12
ord-3a22429923f04fa78830482686a664a4_0,CN1CCN(c2cccc(-c3cn(C(=O)OC(C)(C)C)c4ccc(-c5nnc(S(C)(=O)=O)s5)cc34)n2)CC1
ord-cd77fb3878904afc8634985bf4a3df0d_0,OCCOC1CCCC1
ord-314fb1bebf134bcfacfde695e3ac46ae_2,NCC(Cl)CS(=O)C(F)(F)F
ord-0ae162c335404a32b5759b13682389a7_1,CCCCCc1ccc(OCCN)c(C)c1
ord-bff7fc6c050545fa940ef4a159670768_0,COc1ccc(Cl)cc1S(=O)(=O)N1CCOc2ccc(C(=O)Nc3ccc(C#N)cc3)cc21
ord-3238e458617c421baad7e57117861b30_0,CCOC(=O)c1nc(Br)c2c(c1O)c(Br)c(Br)n2-c1ccc(F)cc1
ord-4b98a5f73b3945a4880b6513e526ce6a_0,Cc1cc(C[C@@H](OC(=O)N2CCC(N3CCc4ccccc4NC3=O)CC2)C(=O)N2CCC(N3CCN(Cc4ccccc4)CC3)CC2)cc2nc[nH]c12
ord-fae59022e39545c8b57efdd5fc87ffbc_1,CCOc1cc2ncc(C#N)c(Nc3ccc(F)c(Cl)c3)c2cc1N
ord-05c806adcb1546189898b911f5a68aca_0,COCC(C)Oc1cc(C#N)cc(Oc2ccc(S(C)(=O)=O)cc2)c1
ord-ff1e575cd93144db9a9fc6ec69a05f0c_0,COC(=O)c1ccc(SC)cc1O
ord-22f074228d2646728cc185c9a793320c_2,CC(=O)Oc1ccc(Cl)cc1C(=O)N[C@@H](Cc1ccccc1)C(=O)Nc1cc(C(F)(F)F)cc(C(F)(F)F)c1
ord-d952b757f376427080653a099f8c0321_4,NS(=O)(=O)c1cc2cccc(Cl)c2nc1-c1ccccc1Cl
ord-1368b5cebc8d4fd19db6bc11bcdc9228_0,Cc1cc(OCCCC2=CCN(C)CC2)ccc1C=O
ord-487d265d29a54a39921af87ab88f5e9d_0,CCCCN1C(=O)CC(=O)N(C2CCCCC2)C1=O
ord-cd00f7718ed142f8bf16e57bc32c2453_0,O=c1c2c[nH]c3c(c-2nn1-c1ccc(Cl)cc1)CNCC3
ord-01a0371a81ee43caacf0058bd4144e4f_0,NS(=O)(=O)C1=CC2=C(O)CCSC2S1
ord-f4a99b3a8f5346a8b72b3f62988952d3_1,Nc1nc(C(=O)C(=O)O)ns1
ord-4a1fa1e3ee574406ad7490b117e8161f_2,[CH3][Sn]([CH3])([CH3])[c]1cc(C=O)c2c(c1)oc1ccccc12
ord-9ce41548d56c4bcaad279d0de3f6f18e_0,CC(C)(O)C#CC(=O)c1cscn1
ord-b6598993866d4a26aeb89aceb185240d_2,Cc1cnc(NC(=O)[C@@H](O)CO[C@H](C)CO[Si](C(C)C)(C(C)C)C(C)C)cn1
ord-ed2eb957d3bc449bbf363f462890a358_0,COC(=O)c1cccc(C=O)c1[N+](=O)[O-]
ord-b52589ef02f8470bbf57ad3749845091_0,CCOC(=O)Cc1ccc(OC)c(Oc2ccc(C(=O)OC)cc2CSC(C)C)c1
ord-20bcf0610c4344e6afb6b04b4d1ac512_1,CCc1cc(Cl)nnc1NN
ord-3502708835bf46edbbd2460ba8ddbfbb_0,CCOP(=O)(OCC)C(C#N)CC1CCOCC1
ord-0fc402729f62494dbac4ddb15f973dba_0,COC/C=C/c1cc(CNC2CC2)cc(O[Si](C)(C)C(C)(C)C)c1
ord-6dfcd052d77c471f8a49edfc041d837d_0,CC1(C)O[C@H]2O[C@H]([C@H]3COC(C)(C)O3)[C@@H](O)[C@H]2O1
ord-30b037a245e448eea377f2365316fb1f_0,CCOc1noc(C2CNCC(c3ccc(CC(F)(F)F)cc3)C2)n1
ord-0aa4c74f09294ec39aabc9de32e6443a_0,ON=Cc1ccccc1Nc1c(Cl)cccc1Cl
ord-f462d77c286b437cadd0173317e2ba51_0,CC#Cc1cc(Cl)nc(Nc2ccccc2)n1
ord-8f9500a8e8ae40fc9a9d9ec477f0d722_0,O=C(CC1CCCC1)c1ccc(CCl)cc1
ord-abb53ffd738a4d2f8bd66d047da5d367_0,Cc1nn(Cc2cccc(C3CC3)n2)c2ccc(F)c(C(=O)O)c12
ord-4672a7318b9946388b8cd223d277aaf8_1,N[C@H]1C[C@H](n2c(=O)n(C3CC3)c3nc(Br)cnc32)C1
ord-8dcb69059bc34456a82be88415b2ebbd_0,COc1ccc(Cn2c(=O)n3ncnc3c3cc(C(C)=O)cnc32)cc1
ord-e25d897e492d4742bb2901a590601c20_0,CC(C)(C)OC(=O)Nc1nc(/C(=N/OC2(C(=O)OC(c3ccccc3)c3ccccc3)CC2)C(=O)N[C@@H]2C(=O)N[C@@H]2CO)cs1
ord-0c3714d49f2a46ce8a9f8d6047eb9e4e_1,COC(=O)CC(c1cccc(O)c1)C1CC1
ord-467148ccdb914e7c8e1d8bfce81572c0_0,CS(=O)(=O)c1ccc(C(=S)Nc2cc(Br)ccc2Br)c(F)c1
ord-015c359f24674ca8b002bd2cc1896715_1,N=C(NO)c1ccc2nc[nH]c2c1
ord-da92814c5c1e439c937e0d54c612ff2a_3,CCN(CC)C(N)=O
ord-c1df4e3d08064717b7941c0910865930_0,Nc1cnc2nc(-c3cc(NC(=O)N4CCCC4)ccc3Cl)oc2c1
ord-508b2a013c1248a8a43f2e7e56373ba2_2,O=C([O-])c1ccnc(N2CCN(Cc3ccccn3)C2=O)c1
ord-9909cef1c2ad425f8f2647c5361effa9_0,Clc1nc(C2CCCCC2)ns1
ord-cec44a9c6c8d4291b8f55a7f1e22f61c_1,COC(=O)c1c(N)ccc(Br)c1[N+](=O)[O-]
ord-f2d6fe4ad84245a09cc107a7c113c6da_0,Fc1cccnc1-c1ccc(CCl)nn1
ord-bff9bfdaf6304434a2afe43d011e4c90_5,C[C@H]1CN(c2ccc(C#N)cc2)CCN1
ord-2e5a9aaf308745e0ac0c60af91ca6aaa_0,CC(C)(C)OC(=O)N[C@@H](Cc1cccnc1)C(=O)NC(CCCc1ccccc1)CCCc1ccccc1
ord-f6188efa1f054c2786a971bc29f9d66e_0,COC(=O)[C@H](Cc1ccc(C2CC(=O)N(C(C)(C)C)S2(=O)=O)c(F)c1)NC(=O)OC(C)(C)C
ord-1b8325a8c6d5448ba5685f780a924e28_0,CNC(=O)C1CN(C(=O)OCc2ccccc2)CCN1C(=O)OCc1ccccc1
ord-87e18fcbeae14fb7826d31649a26233c_0,CC(C)COC(=O)Oc1ccc2c(Oc3ccc(OCCN4CCCCC4)cc3)c(-c3ccc(S(C)(=O)=O)cc3)ccc2c1
ord-df967a5802fd4210a2813b66496cdc85_0,CC1(c2ccc(Br)cc2)C(=O)Nc2cc(Cl)cc(Cl)c2C1=O
ord-4763a89290544df994cb70df66b37473_0,Cc1cc(COc2ccc(S(=O)(=O)N[C@H]3CN(C=O)C[C@H]3C(=O)OC(C)(C)C)cc2)c2ccccc2n1
ord-e04841a938cf4673ac13ecbf865570ca_0,O=C1CCC(c2ccc(O)cc2)N1CCN1CCOCC1
ord-0875c69e944148a284e95bf7bdea6adb_0,CC(C)CCOP(C)[O-]
ord-5e5de5a515d048e4aa6107aa037f036d_0,COC(=O)c1ccc(C(=O)NC(C)c2ccc(Br)s2)s1
ord-25b001f9ed54483c9f82716d2220611f_0,C[C@H]1CC(=O)OC1=O
ord-290edea1b20745b7920d0707b96b23d9_2,O=C1Cc2cccnc2N1c1ccccc1
ord-4fa104b4f9f845d68230a826d14986e6_0,CC(=O)Oc1cc(O)cc2c1[C@H]1CC[C@]3(C)C(=O)CC[C@H]3[C@@H]1CC2
ord-a3a0229238534509913dd8c46914094b_0,Cc1cc2n(c1C(=O)c1cccn1C)CCC2C(=O)OC(C)C
ord-a3d84470103c40a1820caca10150dcb0_0,CCCCCCCCN1C(=O)NC2(CC(C)(CC)NC(C)(CC)C2C)C1=O
ord-a8b2e89c0e414aa788086080408ee85c_0,COc1cnc2c(c1)CCc1cc(Cl)ccc1C2=O
ord-b49854927d534308816012e78fa944b0_0,CCOC(=O)CN1C=CN(C(=O)OCc2ccccc2)[C@@H](Cc2ccccc2)C1=O
ord-de11c2bc7acd4165a25c29f8a7d8dd39_0,COC(=O)Cc1ccc(C#Cc2ccc(CNCCC3CC3)c(C)c2)cc1
ord-f245a451103340e2aaa7cee37d55a41a_0,CC(O)c1nn(-c2c(Cl)cc(C(F)(F)F)cc2Cl)cc1SC(F)(F)F
ord-0afa09e3b9604793871d653eda6bc0a4_0,N#Cc1c(C(F)(F)F)nn(-c2c(Cl)cc(C(F)(F)F)cc2Cl)c1C(N)=O
ord-db4e105653e5485cb9aa1c998288f49a_1,C[Si](C)(O)O
ord-ac3643124c094cd8b15f4587ea2a4c5a_0,COc1cc(CO[C@H]2CN(C(=O)OC(C)(C)C)C[C@@H](OC[C@H](O)Cn3cncn3)[C@@H]2c2ccc(OCCCOc3ccccc3[N+](=O)[O-])cc2)cc2ccccc12
ord-f9340792586e4768ac724c4f00216b97_0,C=CCOc1ccc([C@@H]2[C@@H](OCc3cc(OC)c4ccccc4c3)CN(C(=O)OC(C)(C)C)C[C@H]2OC[C@H](O)COC)cc1
ord-c0ac4975696a4e16868584b873a6a7ad_0,CC(Cc1ccc(O)cc1)NCC(O)c1cc(O)cc(O)c1
ord-c9b0fae56f304e2e8bd2df825bf54a41_0,CCOC(=O)C1CC(C)CC(O)(C(=O)OCC)N1C=O
ord-84475d5d9aa547ec8f7bc9355180495b_2,CCOC(=O)c1cn2c3c(cccc3c1=O)C1CCCCC12
ord-62d852d16966462f948a303ddc151888_0,C=CCc1c(O)ccc2c(C)cc(=O)oc12
ord-f905140e0f1c4bf1a83153a9509b7467_0,CCCCC=CC=C/C=C/C(=O)[O-]
ord-b5747e30d3574638a13a39c0f06064be_0,CCOC(=O)c1cnn(-c2ccc(OCC(CC)CC)c(C#N)c2)c1
ord-5f106eb708aa413abdde6e2582db6fe2_1,CC(C)(C)OC(=O)N[C@H]1CN(S(=O)(=O)[O-])C1=O
ord-6e56f17281e54e71b9940620c6a63914_0,CS(=O)(=O)c1ccc(C(CC2CCOCC2)C(=O)Nc2cnc(Br)cn2)cc1Cl
ord-16635085e7c24878bca954cb8c40857d_0,NC(=O)c1cc(N2CCCCC2)ccc1N
ord-7078ba9038ca44ab904a8d1407c24d0d_0,FC(F)(F)c1ccc(NN2CCN(Cc3ccccc3)CC2)cc1
ord-0b39635ae46042189de3b4b1f602e6e1_1,CCCc1ccc(OB(O)O)cc1
ord-d904bc76bf6e46f395079e27fd7177e7_0,N#Cc1cccc(C2=Nc3ccc(C#CC4=CCNCC4)cc3NC(=O)C2)c1
ord-6a120519d59a4063bcdd94a841367145_0,CC(=O)c1c(-c2ccc(Br)cc2)nn2c(Cl)cccc12
ord-2d7bd01b1a2f4621bfb2fae3cfdf3afb_0,Cn1nc(-c2ccc(Br)cc2)cc1O
ord-de8b0f140f6b4f67b9139f16ddd537b5_2,COc1ccc2c(c1)C[C@H](C(=O)O)CC2
ord-23a8e6cfcd84456da088b4f7f0076628_1,O=C(Cl)C(F)(F)C(F)(F)OCC(F)(F)F
ord-f2f9fad06ef147ab8f13da08f122ae2b_1,CCOC(=O)c1cccc2c1CCCC2CCc1cnc(N)s1
ord-ca288ede37584a1b87b069c2f276a2c6_1,CCCCC(CC)CCc1c(F)c(F)c(N)c(F)c1F
ord-704a7aa2cf7448438ec79cb43a033d07_1,C/C(C#N)=C1/c2ccc(CBr)cc2COc2c1ccc(F)c2F
ord-38bfe20bdcd34b67af896c2974d17d11_0,Cc1c(-c2ccn(C[C@H](C)NC(=O)c3csc(C(=O)O)n3)n2)ccc(C#N)c1Cl
ord-6c054c9b7b66478189a436db63a12ada_0,O=C(O)c1cc(CBr)on1
ord-d6bd65d01e0a4ea3ac7958b5a2f00cf3_0,CC(C)(C)OC(=O)N1CC[C@H](OS(C)(=O)=O)C1
ord-c72f3b0e598d47809fb2f02f633b47ac_0,Cn1cc(NC(c2ccc(Cl)cc2)c2cn(C3CC3)nc2C(=O)O)cc(Cl)c1=O
ord-c971c0d010ba439f811c4cabc13d65e6_6,CCOC(=O)c1ccc2c(n1)CCCC2NCCc1ccccc1OCc1ccc(C(C)(C)C)cc1
ord-edf431f47a4543738654c68fb67a65e4_0,COC(=O)c1ccc2ncsc2c1
ord-e74274a8183342cca6a74338ee093734_0,Nc1nc(Cl)c2nnn(Cc3cccc(C4(O)CCCC4)n3)c2n1
ord-6ff75dd2df164416935a2a436a299fe0_1,c1ccc(-c2cccc3c2ccc2cc4ccccc4cc23)cc1
ord-f3898318f89545faa80dbb31d13d2a67_2,COC(=O)C(C)(C)n1cc([C@@H]([NH3+])c2ccc(OCC(F)(F)F)cc2)nn1
ord-e3a8945ccf9842c395d2a3bcaff6dc0f_0,N#Cc1ccc2[nH]c3c(c2c1)CCCC3=O
ord-311ce2a7199f4ad789f1ab6d005690ab_1,CC(C)CN(C)C(=O)N(C1CCCCC1)C1CCCCC1
ord-63ffe958756f43abb0a4ee46b8172e1c_0,CNc1cnccc1-c1ccncc1F
ord-d10eafb1dbce4caab3fbdc8649c36dd3_0,COc1cc(F)ccc1-c1ccncc1NCC(F)F
ord-a5c32c3c6a3944348f5258f07b2c011f_1,O=c1[nH]ccc2cccnc12
ord-173417cefc3442359967254cb0821b51_0,COC(=O)[C@@H](OC(C)(C)C)c1c(C)cc2nc(-c3cnc(C)c(-c4ccc5c(cnn5C)n4)c3)sc2c1-c1ccc(Cl)cc1
ord-cb0a5ec4c9a94eba9cd90f3dc58e52ff_0,COc1cc(OCc2ccccc2)cc(C(=O)NCC2CCN(c3ccnc(-c4cccc(-n5cccn5)c4)n3)CC2)c1
ord-55e2c9d3c17f49668799566c074a3b56_1,CC1(C)CNC(=O)c2cc(N)ccc21
ord-ff3cfadd6a794b8097ab1f12c66e9d68_0,O=CN1CCN(CCO)CC1
ord-8ddf50f8f9f84125ac4b00fb5b9f0db7_0,COC(=O)c1cccc(-c2c(C)nn(-c3ccc(CCOS(C)(=O)=O)cc3)c2C)c1
ord-aebdbb78585847acb18c11de782d5471_0,CS(=O)(=O)OC1CN(c2nc(C(=O)OCc3ccc([N+](=O)[O-])cc3)cs2)C1
ord-e44f66abc49341ccbf4fad32b0c9018b_0,Cc1cccc(CN2CCNCC2)c1
ord-3d0a19e8af1846fd8bb8dc41512de99f_0,O=C(O)C(Cl)CC(Cl)(Cl)Cl
ord-7494f43c35ca4de8adaef7037c6180de_0,COC(=O)C(Cc1ccc(OCCn2ccc3cccnc32)cc1)C(=O)OC
ord-4eb11f8e6cdb4ea9961f5aa26870f1cc_3,CCC(CC)[CH2][Zn+]
ord-60dcab156e2e44c08dc7ee27566cfb9d_0,c1ccc(COc2ccc(N3CCN(Cc4nc5ccccc5[nH]4)CC3)nc2)cc1
ord-f426eb8f5f864e4fa84cba3b80e03055_0,CC1CC2CCC(C1)C2N
ord-51e372058a824fe2a70bbc5c499ab049_1,Nc1cc2c(cc1Br)CC(=O)N2
ord-aa7b4597554d4a3580659aa8c539e797_0,C[C@H]1CCCC[C@H]1NC(=O)Nc1cnc2c(ccn2COCC[Si](C)(C)C)n1
ord-cfd0813acb6a4e5ca95f026da5ebcd78_0,COC(=O)c1ccc2c(ncn2C)c1C
ord-bf106cc7dade4a3aa4907bfca138d955_0,CC(C)[C@@H]1NCC[C@@]1(O)C1CC1
ord-3b79d0d998534dfb9211cb7665088b3e_0,CC1(C)OC[C@H](CCOS(C)(=O)=O)O1
ord-34346d47025846879590cd775e8353ce_0,COc1cc(C(C)O)c2nn(COCC[Si](C)(C)C)cc2c1
ord-09b5c003d8cf4b0bb09515f0755ba42c_0,CC(=O)c1ccc(F)c(C(F)(F)F)c1
ord-660701ee7c2442d187f75f968d49efdc_2,COC(=O)C(Cc1ccc(O)cc1)Nc1ccccc1C(=O)c1ccc(F)cc1
ord-7402d408b2154b1fb88c350284346916_1,CCSc1ccccc1-c1cn2cc(C(F)(F)F)ccc2n1
ord-a08c6c95c67f49e4827cc7aedfa26c90_0,COC(=O)c1nc(I)c2c(=O)n(Cc3ccccc3)ccc2c1O
ord-cb80331ce4e04d4f8ecb3d364daa41bb_1,C=CCN(Cc1ccc(F)c(C)c1)C(=O)C(=O)O
ord-1cf0c38a303d4272bccc23c4efceb83c_1,CC(C)(C)OC(=O)N[C@H]1CCCN(c2ccncc2N)C1
ord-1ae6be8db59849b8a77c315c205d4a96_3,CCC=N[S@@](=O)C(C)(C)C
ord-08e095c7a13f40a98bd7cb225505f020_2,N#Cc1ccc([C@H]2NC(=O)N(c3cccc(C(F)(F)F)c3)C3=C2C(=O)CC3)cc1
ord-4589ba85123349e19b42b48f18ca7ea2_0,O=C(O)c1cc(OCc2ccccc2)c(F)c(F)c1Nc1ccccc1Cl
ord-d5eaa3be7c3441959d865642bd26f553_2,CCOC(=O)c1c(C2CCCO2)nc(C)n1N
ord-02e7e157382f4c56bd7aeca2fa201d85_0,Cc1oc(-c2ccc(C(=O)O)cc2)nc1CS(=O)(=O)C1CCCCC1
ord-8865ff729e964e2cbed46e38b67efdaf_1,Cc1cc2ncccc2c(-c2ccc(Cl)cc2)c1[C@@H](CO)OC(C)(C)C
ord-761cc30f04cd4a679876072d97cb9616_1,OCc1nccc2c1CCCC2
ord-89241ac03c0c423faed9746866cfa63a_0,Nc1ccnc(C2=Cc3ccccc3CC2)c1
ord-7f94728e52be478d95a3b93ecae89e74_0,COC(=O)c1ccc(C(F)(F)F)c(OCCc2ccc(Cl)cc2Cl)c1
ord-6ea8baa7d6aa41868e8c3ed82a0b8f6a_0,Cc1cccc2c1N(CCCCl)C(=O)CO2
ord-fd013e20c8e6410f9d7f91052d216540_0,Clc1cccnc1N1CCc2c(Cl)ncnc2C1
ord-4b333c9749534a9cbe1332309c788255_0,CCCCC[C@H](O)C#CC=O
ord-055be7d36ea34b998a8f97432033e77c_1,CC(C)(CC(=O)Cl)Cc1ccc(Cl)cc1
ord-61bf590b69414a08a736841a8904d565_1,CC(=O)Nc1cccc(Cl)c1
ord-dd92566489e94078b4190bd1d3c3808f_2,COCN(C(=O)CCl)C(=C(C)C)C(C)C
ord-596c85d4922e48db8a9a0c9b38786b39_0,ClCn1c(Br)nc(Cl)c1Cl
ord-dba61ea9c7b1451d910e35d739749500_2,CC1=C(CCCCCN2CCNCC2)C(=O)N(c2ccc(C#N)c(C(F)(F)F)c2)C1=O
ord-64ad88f3e4ab4e33b10a215e3ed424f0_0,CCOC(=O)c1cncc(-c2ccc(C#N)c(F)c2)c1
ord-ff9b2607d9a947969453850003a6e5b4_0,COc1ccc2cc(-c3cccnc3)ccc2n1
ord-8c1c78df20dc4e6386cfc9d4162e928d_0,CCCCOC(=O)c1ncc[nH]1
ord-e93e874ed850453e897616564fb2d914_0,O=C1OCCC=C1Br
ord-293f0ba10f044612b5070fc3348ef8a1_3,O=C(Cl)N1CCCCCC1
ord-caac7c0adcbc46e4bac400c1ce8cbf68_0,O=Cc1ccc(-c2cnccn2)cc1
ord-d12d56693a184f30bef60edf9d5bb5bf_2,O=C=NC(=O)c1ccc(Cl)cc1
ord-d1011213f0be4f55ad73edfaaed38614_0,CCc1nc(NC(=O)OC(C)(C)C)sc1SC
ord-8189a387c9fa4fd1bc1ddec02cc84917_0,CCCCn1nc(C)c(C#N)c1NC(=O)c1ccccc1F
ord-8e8f90ec68b242c08afd89deae97612f_3,O=C1OCc2nc(CCCN3CCOCC3)ccc21
ord-81e2d5ae8d7448e2b5a01bb908fd7298_0,COc1cccc2scnc12
ord-cae31a63bb1b44d491e897c5d28345f4_3,Fc1ccc(-c2cc(Cl)c(CBr)c(Cl)c2)cc1
ord-16ec3ae3ddca4d108f38206e7a5f6c57_0,CC(=O)c1c(Cl)nc(-c2ccccc2)n1Cc1ccc(-c2ccccc2S(N)(=O)=O)cc1
ord-95e3656e8e4142f4b1a92869c83b1331_0,CCOC(=O)C(C)(C)Oc1ccc(C(O)C(=O)Nc2cc(C)cc(C)c2)cc1
ord-5f93154fbac643c08a79affc6e920ecf_0,COc1ccc2ccc(O)cc2n1
ord-2a0a93e74c0248a28157fa47f7e423ca_0,CCOC(=O)/C=C(\Nc1ccccc1)c1ccccc1
ord-b296efbce781474596d812761e697830_0,COc1ccc(OCC2(c3ccc(Cl)c(Cl)c3)CN(C(=O)OC(C)(C)C)CCCO2)cc1
ord-9d95bf9d76eb4d2b896dfbfd4c034158_0,C=C(NC(=O)c1ccccc1)C(=O)OC
ord-f5e2315221154c1b815e6807d72e7219_5,CCOC(=O)[C@@H](C)Oc1cc(Cl)nc(SCc2cccc(F)c2F)n1
ord-a3650f455b57472ba38730388c73dd5a_0,COc1cc(NS(=O)(=O)N2CCN(C(=O)CNC(=O)OC(C)(C)C)CC2)nc(SCc2cccc(F)c2F)n1
ord-de1307cdeb3f4badb11b9a7ee1925924_0,CCOCC1(O)CCN(c2ccc(N3C[C@H](CNC(C)=O)OC3=O)cc2F)CC1
ord-eccdf4cd5940418ca04dec47ef738642_0,CCOC(=O)c1cnn2c(Nc3cccc(C)c3)c(C(=O)O)cnc12
ord-b2120d0ba6c04642a203893690d95f8b_3,CC(=O)C1=CCN(C(=O)OCc2ccccc2)CC1
ord-3fffce5606ed4f51983ce31d598c8667_0,Clc1ncnc(Cl)c1C1CC1
ord-f7f4cbd8cfab4cc5b46a8b6ae0bb2c01_0,CC(C)(C)OC(=O)CNC(=O)c1cnc2n1[C@](C)(Cc1ccc(OC(F)(F)F)cc1)C(=O)N2c1cc(Cl)cc(Cl)c1
ord-d94f754bbfa747f4b9a3593267193348_2,O=C(Cl)C1CCCc2ccccc21
ord-1688917e13bb43229249badaf4d18a88_0,CC1(C)OB(c2c(F)ccc3c2ccn3[Si](C)(C)C(C)(C)C)OC1(C)C
ord-f4c9a8ecc7c944298409d2cfe1f2abf0_0,CC1=CC(C)(C)Nc2ccc3c(c21)c(=O)oc1cc(O)ccc13
ord-728ab622c747430cb7707ec65bb325dd_0,COc1ccc2ncc([N+](=O)[O-])cc2c1
ord-b239ebd343774087a32d3713c086554f_0,CC1=C(C#N)[C@@H](c2ccc(C#N)cc2)n2nc(N(CC(=O)OC(C)(C)C)C(=O)OCc3ccccc3)nc2N1c1cccc(C(F)(F)F)c1
ord-3757b5f31c3541aba121606f57cb3e81_0,Cc1cc(O[Si](C)(C)C(C)(C)C)ccc1Br
ord-3330ccdc9b824ff091aaa1e797e772a2_1,COc1cc(I)ccc1C(=O)Cl
ord-3870aefc5a5e4fbba4788048c5d7367f_0,Cc1nc(-c2ccc(Oc3ccccc3)c(-n3ccnc3)c2)sc1C(=O)[O-]
ord-70718b8c2892474ea98d6440dd4dd67a_1,C[C@H](N[C@H]1CN(c2ncnc(N)c2F)CCC1C(=O)O)c1ccccc1
ord-2ac3b9abfc6b4dac9e84310d5cecab5b_0,COc1ccc(Cc2cc([C@]3(OC)O[C@H](C=O)[C@@H](OCc4ccccc4)[C@H](OCc4ccccc4)[C@H]3OCc3ccccc3)ccc2Cl)c(F)c1F
ord-4d2257a686604e699c2172b817c93743_1,COc1ccc(-c2cc(=O)[nH]c(=S)n2CC(=O)NCCNC(=O)OC(C)(C)C)c(OC)c1
ord-b77654e5bee5432b96d896f39b2a2788_0,CNC(=O)c1ccnc(-c2ccc(C(O)(c3cn(C(c4ccccc4)(c4ccccc4)c4ccccc4)cn3)C(C)C)cc2)c1
ord-dfd03f360fd54ebbb9cb9e3b22af1580_2,Nc1cnc2[nH]ccc2c1F
ord-68f068215f2b42b1a89a430bc6a006cc_0,O=c1ccc2cc(OCCCCSc3ccc(Cl)cc3)ccc2[nH]1
ord-2db97c17cfad4ba4bbc6cc00c3a95b23_1,CC(C)CCCC(C)N
ord-6e418e080592481aacff241b77ef5010_1,O=C1CCCCC1Cc1nc(-c2ccccc2)c(-c2ccccc2)o1
ord-b6e8bd2fd0a24b26a036cc777f25fea0_0,Cc1oc(Cc2ccc(Br)cc2)c(C(=O)c2cc(C(C)C)c(O)c(C(C)C)c2)c1C
ord-645718f6c90f40e18f5950d96f535a50_2,O=C(OCc1ccccc1)[C@@H](CC1CCC1)N1C[C@H](CO)[C@@H](c2ccccc2)C1
ord-f025cb6cc6574c74997aa21a3e002864_0,OC1O[C@H](COCc2ccccc2)[C@@H](OCc2ccccc2)[C@H](OCc2ccccc2)[C@@H]1OCc1ccccc1
ord-70577d39ad844d09a0471beb5f6ee8a9_2,CC(C)(C)[Si](C)(C)OCc1ccc(C=O)cc1Cl
ord-42694d9a28ab429dbfe84f17d2d0e85a_3,CCCCC(CC)CC1c2ccccc2-c2ccccc21
ord-eb0f38aefc734fc0bcde504e2a1cab8a_0,CCOC(=O)CCCCCCC1=C(OC)C(=O)CC1=O
ord-6ba6e80cdace4090adbd25eee30b3258_0,CC/C(=C(\c1ccc(I)cc1)c1ccc(OCCCCCl)cc1)c1ccccc1
ord-7e1eca66438d4aa189be6daa3ca3a5a6_0,CC(=O)Nc1ccc(C(=O)C(C)C)cc1[N+](=O)[O-]
ord-cd2c18aed5804789934597fcca72b072_1,O=C1c2ccccc2CC1C1CCNCC1
ord-57f3267606f5474ca42f7b01c0f8c7cd_0,CCOC(=O)CC(=O)CC(O)/C=C/c1c(-c2ccc(F)cc2)c2c3ccccc3cnn2c1C(C)C
ord-98c5ec1a52434ea39ad60ed46a0601c9_0,CC(Oc1cccc(C=Cc2ccc3ccc(Cl)cc3n2)c1)C(=O)O
ord-73fa05b8d3b248268b81ebe76ad62501_0,CCC(=O)O[C@]1(C(=O)SCF)[C@H](C)C[C@H]2[C@@H]3C[C@H](F)C4=CC(=O)C=C[C@]4(C)[C@@]3(F)[C@@H](O)C[C@@]21C
ord-059f50e3ca1740f09aadcf1c9c122f6b_0,CC(=O)Nc1nc(C)c(-c2cc(Cl)c(S(N)(=O)=O)c(Cl)c2)s1
ord-e58be3b25fcc49fc9b8a42c0c09faff4_0,CN(C)C1(c2ccccc2)CCC(c2[nH]c3ccccc3c2CCC(=O)O)CC1
ord-f517e58464ca4770b41a32a5017a270a_0,Cc1nn(-c2ccccc2)c2ccc(Br)cc12
ord-137ff4e929d147029a21b39b1417a895_0,CCN(CC)CCn1c(CNC(=O)C(C)(C)C)nc2cc(C=CC(=O)OC)ccc21
ord-2d9370ede8d14ee6b1e6e83ec1771eb1_2,CC(C)(C)[Si](OCCOC[C@H](Oc1ncnc2c1cnn2-c1cccc(Cl)c1Cl)C(=O)Nc1ccc(C#N)cn1)(c1ccccc1)c1ccccc1
ord-2f6d307e7b63436794118920ddb09bdf_2,COC(=O)[C@H](COCCO[Si](c1ccccc1)(c1ccccc1)C(C)(C)C)Oc1ncnc2c1cnn2-c1cc(F)ccc1C
ord-c2abe44e51bb4776aecfc830de547c76_0,O=[N+]([O-])c1ccccc1S(=O)(=O)OCC(F)(F)F
ord-aa25e9082bf04dba8ebd96a3fc0bfc13_0,Clc1ccc2c(c1)C(Cl)Cc1ccccc1S2
ord-b0a4974399824d788d0e306ea9481897_4,CCOC(=O)c1sc(Cl)cc1O
ord-cb0154b47e604481aa2c35579b9cff93_1,CCOC(=O)COc1cc2c(c(Cl)c1Cl)C(=O)C(c1ccccc1)C2
ord-a0fb40521bb6404dab2f3a3a95e75677_2,Cc1ccc(C(=O)Cl)c(C)c1C
ord-7e19ddbbab194cbe840aec9dd6176c94_0,COC(=O)Cc1c(Cl)nc(Cc2ccc(NC(=O)c3ccc4ccccc4c3)cc2)nc1N1CCCC1
ord-faddbb6ac0d644f8850447eac37b3f1d_0,CCCc1c(OCc2ccc(C(OC3CCCCO3)c3cccc(C#N)c3)cc2)ccc(C(C)=O)c1O
ord-a8471887ef934bd69d165a312394feda_2,CCCOc1ccc(CS)cc1
ord-2cc273e41362477eac54574d2e47ddc6_0,COC(=O)NCc1cccc(-c2ccccc2)c1
ord-941ea02db34d436094e3387ff9fdfad3_0,CC(C)(C)OC(=O)Nc1ccc(OCC#N)c2ccccc12
ord-3e24c9d5ead049d1a14fa018759d0d9d_0,CCCc1cc(Oc2ccc(Cl)cc2)ccc1-c1coc2ccc(OC)cc12
ord-409c9ccd9d71493f8212720e35bf7a12_0,CC1C(=O)C(C)(C)C(=O)N1c1ccc(C#N)c(Cl)c1
ord-e6dc2ec960a246e29a734d2e44ba6950_0,COC(=O)c1cc(OC)c2ncsc2c1
ord-d091a5da7cd343828f966c76d7cb7083_0,O=C1ON=[N+]2CCCC12
ord-956eb162e2464261812b76e3bbf20579_0,CCOC(=O)N1C2CCC1CC(C=O)C2
ord-2b48cf2fbe0e4b5f8d36db4888330193_0,COCCCCc1c(C(=O)N(CC(C)C)[C@H]2C[C@@H](C(=O)N3CCOCC3)CN(C(=O)OC(C)(C)C)C2)nnn1-c1ccccc1F
ord-9119926feec54c5db2d1bb1179ddeaab_1,CC(C)(C)OC(=O)N1CCN2c3ncccc3N(C(=O)C3CC3)CCC2C1
ord-49fa108c14cd4459a4b43f61f54f3b95_0,C[C@H](Nc1cc(C(=O)O)cc(Nc2cnccn2)n1)c1ccc(F)cc1
ord-1d6a3337b60049ebad738a60e927b959_0,Cn1c(Nc2c(Cl)ccc(CNC(=O)C(C)(C)C)c2Cl)nc2cc(C(=O)O)c(N3CCC(F)(F)C3)cc21
ord-90376fa523c24266a538b2be35954a68_0,Cc1ccc(C2=NC(=O)C(C)(C(C)C)N2)nc1
ord-b1f725efcfff4728922833dcb8d39183_0,CCCC(Oc1ccc(OCC(=O)OCC)c(C)c1)c1ccc(-c2cccc(C(F)(F)F)c2)nc1C
ord-cef6cedffada41f0bfd80bb02f266653_1,O=c1[nH]c(=S)[nH]cc1Cc1cnc2ccccc2c1
ord-2b91a5fc30e744e6b747c8a2d0349df5_1,COc1cnc(OC)c(B([O-])[O-])c1OC
ord-13238d94364b4ec3b3ccebdaf18450a6_0,COC(=O)c1cc(OC)c(OC)cc1NC(=O)c1sccc1S(=O)(=O)Nc1onc(C)c1Cl
ord-b5414ddf5a2343b081d3026e5e10cc4e_0,OC1(CNc2c(Br)cnc3ccccc23)CCCCC1
ord-2973c305d8c84be5af55021349cbf820_0,CCC(CC(=O)CCl)c1ccc(C(=O)OC)cc1
ord-5e9564f0657846d389ed0fb704e002ba_0,O=C1CC(=O)C2C=CC1O2
ord-03bbb512b3d3459a9cd0034ea0991ff9_0,CC(C)c1ccc([C@@H]2O[C@H](CO)[C@@H](O)[C@H](O)[C@H]2O)cc1Cc1ccc2c(c1)N(Cc1ccccc1)CCO2
ord-4eed82a767c34567aa03e284df4a0a94_3,O=C(F)c1ccc(Cl)nc1NCc1ccccn1
ord-c5f9367966884575a5c17f9d0b7ea9ee_0,COC(=O)c1cnc2c(c1)CCN(C(=O)OC(C)(C)C)C2
ord-b478e8d9611d4abf98f7ee01b351c7a6_0,COC(=O)C1=CO[C@@H](OC)[C@@H]2C(CO)=CC[C@H]12
ord-0ae627338454473a8bd0568cf8216479_0,CCCOc1ccc2c(c1)[C@@H](c1ccc(OC)cc1O)[C@H](C(=O)OC)[C@H]2c1ccc2c(c1)OCO2
ord-e446f29712a246958ef4112afe49623c_3,CC(C)(O)CON1C(C)(C)CC(=O)CC1(C)C
ord-672f2d856d034d33806068a9f473dd91_0,O=C(CCCN1CCCC1Cc1ccc(Cl)cc1)c1ccc(F)cc1
ord-00c04176b64e49199de66193404a206a_1,CCOC(=O)C1CCN(C(=O)N2CCC(Nc3ccc(CCN)cc3)CC2)CC1
ord-78a4a7446e0b4629befa49a75deb0fec_0,Cc1ccc(-c2cc3ccc4ccccc4c3o2)cc1
ord-404a4c0c8a5542d2aa1655f8bcfd8779_0,CCOC(=O)C(C)(C)Oc1c(C)cc(CN(Cc2ccsc2)c2sc(-c3ccc(C(F)(F)F)cc3)nc2C)cc1C
ord-c13534026af14e9b9e4b4fb6e52718e0_0,CC(C)OC(=O)Nc1ccc(-c2ccccc2)cc1
ord-2c62c12bd77341629c39e3e930a8797b_0,Nc1nc(NCC2CCN(S(=O)(=O)CCc3ccccc3)CC2)ccc1[N+](=O)[O-]
ord-7daf8408ca6a42eeb51f8c2ad1eadcf8_0,COc1ccccc1OC1C(=O)NC(=S)NC1=O
ord-b0216f5c1f2548eda4e62609a49b0bb2_0,CNCc1cc2cc(F)ccc2n1C
ord-a4c62677d9524c9faf93f52d302f61aa_0,CC(C)(C)[Si](O[C@@H]1CC[C@@H](Nc2nc(-n3cnc4ccc(F)cc43)ncc2[N+](=O)[O-])c2cc(F)ccc21)(c1ccccc1)c1ccccc1
ord-c7c93c45f7a6443e885115c27f55c220_0,CCOC(=O)c1cc2c(Br)csc2[nH]1
ord-96ef77207e924d3aba3635edb2e77480_0,C=CCO[C@H]1C[C@H](n2cnc3c(N=CN(C)C)ncnc32)O[C@@H]1CO[Si](C)(C)C(C)(C)C
ord-3f6d308d63d949208ba7179c20387e5b_0,CCOC(=O)CSc1cnc(NC(=O)N(CC2CCCC2)c2cccc(NC(C)=O)c2)s1
ord-5c442f429230475f9fc5052b398ba9cb_0,CCOC(=O)CSc1cnc(NC(=O)N(CC2CCCCC2)c2cccc(NC(C)=O)c2)s1
ord-2d5b797a4f1f4e2b89eba4b84a526e82_0,COc1ccc(-c2c(Br)c(OCc3ccccc3)nn2C(C)C)cc1
ord-091a7438e8664b329553d66e69de1c14_0,CN(Cc1csc(N)n1)c1nc(Cl)nc(NNC(=O)[C@H](CC2CCCC2)CN(C=O)OC2CCCCO2)c1F
ord-446b3c43eac341ff9a4b6fec48618b6f_0,C[C@H]1OC[C@@H](c2ccccc2)NC1=O
ord-00911e0a1a9c46fea5e05ade327d5138_0,COC(=O)c1cc2ccc([N+](=O)[O-])cc2cn1
ord-8ee6bc7e7b9f443398480694ffacf824_0,COc1ccc2cnc(C(=O)O)cc2c1
ord-8c106e01044f416a986966d398a56baf_0,CCCCC1Cc2cc(N)c(F)cc2C1=O
ord-c29914a0c772441b9a936215f05abedc_6,COCCOCOC(=O)c1ccc(C)c(OCOCCOC)c1
ord-3d87268a02d84dfd8983d98af4419c1f_0,Cc1ccc(S(=O)(=O)Oc2c([N+](=O)[O-])c(=O)n(C)c3ccccc23)cc1
ord-91943ab22a4d4391ac9eecca0aacbc26_0,Nc1nc(NCCO)c2nc[nH]c2n1
ord-faf1c8e955ab4c77810f272a5e7076e8_0,NCc1nc(-c2ncn3c2[C@@H]2CCN2C(=O)c2ccccc2-3)no1
ord-60f99dfd0dc641ee82308a4cdb06c481_0,COc1ccc(C(CCC(=O)c2ccc(F)cc2)C(=O)c2ccc(OCc3ccccc3)cc2)cc1
ord-7f5d5f55855a44fbaaa4193ca20dedd5_0,C=CCc1c(C(F)(F)F)[nH]n(-c2ccc(Br)c(Cl)c2)c1=O
ord-7191c6f4f450446cbd8d2d24d8daa55b_2,Cc1cccc2nc(COc3ccc(Cl)cc3)[nH]c12
ord-77762697fcde4e5eb0b920ab47585519_1,O=C(O)c1cncc(-c2noc(C(F)F)n2)c1
ord-a6ee35376a1343e29923510a63ddcdb1_0,COC(=O)CCn1c(C(O)c2ccc(Cl)cc2Cl)nc2cccc(N)c21
ord-d9da61bff2cf49fa9fffe0174e3fdc98_0,COC(=O)c1cc(N2CCOCC2)nc2c1nc(C)n2Cc1cccc(C(F)(F)F)c1C
ord-b23f852c9b744e9b9a93e4642538f3db_0,C=CCOC1(C)CCN(c2c(CC(=O)OC)c(C)nc3cc(Br)nn23)CC1
ord-6dd7f7646b4c4b45ae7fb5edd6b59eb8_0,COc1ccc(N(CCCC(=O)O)C(=O)c2ccc(Cl)cc2)cc1
ord-c8ffb1d80ce5436980ab07d396a81a0d_4,CC(C)(C)C(=O)Oc1ccc(CBr)cc1Cl
ord-a132475b455a48288b5ca0054325c8c8_0,CCC(=O)N1CCN(C=O)C=C1C(=O)NC(C)(C)C
ord-c6fc4315d5cf4056955357bc70d56f7e_0,COc1ccc(N2CCN(C(=O)COCc3ccccc3)C(Cc3ccccc3)C2)cc1OC1CCCC1
ord-f9b0cb66bc0844dfa951af1e56ddbc70_0,CC1(C)OB(c2cnn3cccnc23)OC1(C)C
ord-7ed4a799d09b474498726b654226bf4a_0,Fc1ccccc1[C@]12CO[C@H](C(F)(F)F)[C@H]1CON2
ord-59238b8b1a8a4eb196186884b4b7af87_0,Cc1c(N2CCNCC2=O)nc2cc(F)cc(F)c2c1Cl
ord-8b7ef2cb98ca481d8da1f123910fdbd1_0,C=CCCCCC(=O)N(C)[C@@H](C)C(=O)N[C@H](CC(C)CCC=C)C(=O)CCl
ord-64fbd85755044a2a8f8f1ee7a0e71b5b_0,C=CCN(CC)C(=O)c1cc(OCC)cc(C(=O)OC)c1
ord-dfc322f536364e8e94ca60ea2779b221_0,COc1ccc(C2CCCc3cc(O[Si](C)(C)C(C)(C)C)ccc3C2)c(CCN)c1
ord-a59b963afe694973b7f09b82969dac04_0,CC1(C)CNCCN1c1ccc(Cl)cc1
ord-2bdfdb3eae8b4779b74bb31b91b87bf0_0,C=Cc1ccc2c(c1)NC(=O)CS2
ord-9fda56fd4b964807b9a32df9f5dfe2c2_0,CC1(C)CN(Cc2ccc(F)cc2)C(=O)C(O)O1
ord-ff56600c22fc430388afbcb9e9b9fb4f_0,Cc1nc(-c2ccccc2)nc(-c2ccccc2Cl)c1C(=O)O
ord-8ad97c5c976c4abcb353f5aa0e4627b9_0,CC(=O)NC1=C2C=C[C@@H]3[C@H](CC[C@]4(C)C(=O)CC[C@@H]34)[C@@]2(C)C=CC1=O
ord-ba24d7290cac46b98115ea0d1fbd7bc7_0,Cc1ncc(-c2nc(Nc3ccc(N4CC(N=[N+]=[N-])C4)cc3)ncc2F)n1C(C)C
ord-a8e65514e1414b18996a85232f871e97_0,ClCc1coc(-c2ccc(Br)cc2)n1
ord-4c96a4ddcf274c1bae86a93af7df825f_1,NC(Cc1cnc[nH]1)(C(=O)Cl)C(F)F
ord-6d730b6b28d14afa8adefd408a0d659e_1,CS(=O)(=O)OCc1nnc2n1-c1ccc(Cl)cc1C(c1ccccc1)=NC2
ord-96fe71b587a14fb5aa223c477147654c_0,COc1cccc(NC2(C(N)=O)CCN(Cc3ccccc3)CC2)c1
ord-c0c46e71ebfd47f898bd056cd121923d_0,CCCCn1c(=O)c(NC(=O)Nc2c(C(C)C)cccc2C(C)C)c(-c2cccc(OCCCOCc3ccccc3)c2)c2cccnc21
ord-6aeac616ca6f45f3b54c334f677dc3ee_0,Fc1cccc(-c2ccc(C(F)(F)F)cc2)n1
ord-8084361cde634a0091169c7baa442084_0,CC(=O)OC[C@@H](COC(N)=O)c1ccc(Cl)cc1Cl
ord-d8bd8110d26c4322a5ace8553cce03fd_0,CCc1cc(Cl)c(S(C)(=O)=O)cc1C(=O)OC
ord-ed73cb74f4f64592b7d42a4b31c17767_0,C=CCCCC(c1ccccc1)(c1ccccc1)C(O)CC
ord-7509bb59575f4329b264935fe8dafe74_0,CON=CC1=C(C(=O)OC(c2ccccc2)c2ccccc2)N2C(=O)C(NC(=O)Cc3cccs3)[C@H]2S[C@@H]1C
ord-290a4a83415742d8a42219eb82c4d0aa_0,O=C(O)Cc1ccc(OCc2ccc3ccccc3n2)c(F)c1
ord-cb240e2b7a92465f9bbc0a606540974a_0,CC(=O)Nc1cc(C)c(C(=O)CBr)c(C)c1
ord-13535f81735b401fa3e417cffdcf9e5e_0,Cc1cc(Oc2ccc(Oc3ccccc3)cc2)cc(C)c1-c1csc(N)n1
ord-36cf9a2aaa844b958659f0ec74cb858b_0,N#Cc1ccc2ccc(N3CCNCC3=O)cc2c1
ord-f9f03b59bcb649968164928e550087bc_0,COc1ccc(CN(c2nccs2)S(=O)(=O)c2ccc3c(-c4ccccc4C(N)=O)ncc(F)c3c2)c(OC)c1
ord-6be846c96e5849339538a1c9f9fee22a_0,C=C(C)CN(C(=O)OC(C)(C)C)c1cc(Cl)nnc1Cl
ord-3d8220d9e30b437e92e14bf1b7543b1b_1,COC[C@H]1CN[C@H](C)CN1CC(=O)N1CC(C)(C)c2ccc(C#N)cc21
ord-7eda530fe86c4e04a186318f92b0d3c9_0,Cc1cc(Cl)nc(-c2n[nH]c(=O)[nH]2)c1
ord-0dbdb680285d427a91d2b4f847eb3577_0,C=C(C(=O)O)N(C)S(=O)(=O)c1ccc(Cl)cc1
ord-4071b0de7f5d442fb1e9e609e9cc3ae5_1,[N-]=[N+]=Nc1ccc(COC(=O)NCCCC[C@H](NC(=O)OCC2c3ccccc3-c3ccccc32)C(=O)O)cc1
ord-97ccda6119dc46468bef70c46914c9fd_0,CS(=O)c1ccc([C@H]2OC(C)(C)N(C(=O)OC(C)(C)C)[C@H]2CF)cc1
ord-2981111f8a274cceb9126d7437312c8e_0,CC1=C(C#N)C(c2ccc3[nH]nc(C)c3c2)C(C#N)=C(C(F)F)N1
ord-bd6e49c1353c44478dca4fbd355cdc2d_1,CC(=O)NC1CC=CCC1c1ccc(OCc2ccccc2)cc1-c1cccc(F)c1
ord-f5cc180b025a4f54a9ab50ad9b637699_1,CC(C)(C)NS(=O)(=O)c1ccc(C=O)cc1
ord-be4289f81f2949e7b3ba69808dda4fc4_4,C[C@H]1CNC[C@H]1Nc1c(C(N)=O)cnn2cc(-c3cnn(C)c3)nc12
ord-9833882bd0e24854bf7d613a57eb1d0c_4,CC(=O)OC1CCc2c1ncc(N)c2N1C[C@H](C2CC2)[C@@H](OC(C)=O)[C@H](NC(=O)OC(C)(C)C)C1
ord-fc66944b5a31497d8e811ec208772c6f_3,N#Cc1c(F)ccc(N)c1F
ord-7f77eec0f8384386972218131f03ae38_1,Cc1ccc2cc(B3OC(C)(C)C(C)(C)O3)[nH]c2c1
ord-dbff7eff8df543308352e265bce7b8e6_0,C=Cc1csc(C#N)c1C
ord-54587d0a04e94856ae4a725733cffb33_0,O=[N+]([O-])c1ccc(-n2cnnn2)nc1
ord-b934a68518ec438793aa799a8fc314ad_0,CC(C)(C)OC(=O)NC1CCC(Nc2ncnc3sc4c(c23)[C@@H](CC=O)CC4)CC1
ord-6b68926e36c7481e8d6bb6e6e30e4888_0,C=Cc1ccc2c(c1)CCc1c-2noc1-c1ccc(OC(C)C)c(C#N)c1
ord-d6f16d7ec5e04a3ea1d8c540fab4b51d_6,O=C(O)C/C=C/Cc1ccccc1
ord-d2b38bcf1cf84fdc9e99a7c1980518bb_0,COc1ccc(Nc2nc(Cl)nc(NC3NC(=O)N(C)C3=O)n2)cc1
ord-1f4114dac4c143089fa013f871b762a8_2,CCCn1c(N)c(N)c(=O)n(C2CC2)c1=O
ord-d1b66728160f42058eeb8658e50a803b_0,FC(F)(F)c1cc(Cl)cc(Cl)n1
ord-1f248b8047cf474ba9d3d65866d9ad28_0,CC(C)Oc1cccc(C#N)c1
ord-a79209b2eeb1430fa1befcb7943b2eba_0,O=C(O)c1noc(-c2ccc(C(F)(F)F)cc2)c1Cl
ord-49368018284b4b9cb990cb9d58873ee5_2,Cc1noc(-c2ccc(Br)cc2)c1C(=O)CO[C@H](C)c1ccccc1
ord-ceb4f120e63a48758363d44d34be9903_1,CC(=O)CCc1c(F)cccc1Cl
ord-ece2e1e9a3364b20bf9125b7d0fdcd98_0,COC(=O)c1ccc(C(=O)Nc2cc3c4c(c2)CCCC4(C)CCC3)nc1
ord-4016fd1ba5de403fb69957f71524fbd8_0,COc1ccc(Cc2nc(C(=O)O)co2)cc1
ord-1db2d793511a4e238ba57aec1e2439aa_2,N#Cc1cscc1Br
ord-613f70945e0b4d7c80ad3b30add6135d_0,CC(=O)ON1CC(C)CN(c2c(Cl)cc(C(F)(F)F)cc2Cl)S1(=O)=O
ord-0fea72cf80e64579b5834d6640cad64e_0,CC(C)(C)[S@@](=O)N[C@H](c1ccc(Br)cc1)c1ccc(F)cc1F
ord-fbd50c93916848f58b001992ba690a79_1,C=CCOc1ccc2c(c1)c(N=C=O)cn2C(N)=O
ord-bad094883048460d8aa6e74172d8c133_0,CC(C)(C)OC(=O)n1nc(Br)c2ccc(C(=O)O)cc21
ord-d42bab69efaa41999227b245788788c3_0,CC(C)(C)OC(=O)N1CCC[C@H]1CNc1cccc(OC(F)(F)F)c1
ord-328bf34156b14349806097335ac37e5c_0,COc1cn(-c2ccc(-n3cccn3)cc2F)nc(C(=O)C=CN(C)C)c1=O
ord-3c79c8c679bc4b2d813165866d68f6b8_0,CC1(C)OB(c2ccc(C(=O)NN)cc2)OC1(C)C
ord-069b84efa8eb4bb795b991e553f45ddd_0,COc1ccc(N=Nc2c(S(=O)(=O)OC(C)C)cc3cc(NC(=O)c4cc(OC)cc(OC)c4)ccc3c2O)cc1
ord-19c871d1ec5f49a3b2e5bf323111be6b_0,CC1(C)Cc2nc(N)sc2C(C)(C)C1
ord-55f09baa6bf643de9917b40eb30a8f8a_0,CCOC(=O)c1oc2cc(O)ccc2c(=O)c1C(N)=O
ord-284c0248d4a649c890a5ae785317f6c9_2,CCOC(=O)C[C@@H]1C[C@@H]2[C@H](CC[C@]3(C)C(=O)CC[C@@H]23)c2ccc(OC(C)=O)cc21
ord-02a4ea4cfd37419fbf0c840d2de1e13f_0,Cc1ccc(S(=O)(=O)NCCCCN(CCCCCCCN(CCCCNS(=O)(=O)c2ccc(C)cc2)S(=O)(=O)c2ccc(C)cc2)S(=O)(=O)c2ccc(C)cc2)cc1
ord-4b95ce941ece4cc1adef8de645b56cf4_0,CC(C)(C)OC(=O)NCCCC(=O)NC1CCc2ccccc2N(Cc2ccc(-c3ccccc3-c3nnnn3C(c3ccccc3)(c3ccccc3)c3ccccc3)cc2)C1=O
ord-9d8533324fac48149116dbc09b081d7e_2,COC(=O)CN(c1cccc(I)c1)S(=O)(=O)NC(=O)OCC[Si](C)(C)C
ord-9c5e4e69867546bea0dd2edbc323580f_1,CC(C)[C@H](C(=O)OC(C)(C)C)N(Cc1cccnc1)S(=O)(=O)c1ccc(Oc2ccc(Br)cc2)cc1
ord-6511e96f90124dc2871007e03a5f8c89_0,COC(=O)COc1ccc(-c2sc3cc(O)ccc3c2Cc2ccc(CN3CCCC3)c(OC)c2)cc1
ord-291a7fe23baa44b99aae73c8aa445416_0,O=C(OCc1ccccc1)c1c(CCCOC2=CCCCO2)ccc2ccccc12
ord-c73eab1bc9634952b30e9ea31bb57db9_1,Clc1ncnc2cc(OCCCN3CCOCC3)ccc12
ord-c3c380876c96467b80f1e7b637b96df6_1,Oc1ccn[nH]1
ord-4810d2772701441b87864a626c281b16_0,CC(C)(C)OC(=O)N1CCC(C(=O)c2cccs2)CC1
ord-2da4132c58754ec68a9b151ba4d85daf_0,ON=C(Cl)Cc1noc2ccccc12
ord-83b572da353a4c3f963fa8c4f8d9bb9e_0,CC(=O)O[C@@H]1C=C[C@@]2(C)[C@@H](CC[C@@H]3[C@@H]2C(=O)C[C@]2(C)[C@@H](C(C)=O)CC[C@@H]32)C1
ord-3b06104217764322b5bb29aebb5a013c_0,OCCN1CCN(c2cccc(Cl)c2)CC1
ord-bdf088d3f2e94ed282f39eb91d3101d4_0,CCCCCC(C)=CCC=C(C)CC#CCCCCCCCl
ord-0a2d0bc3b8024ce697a95559b557aadd_0,COc1ccc(CC(N)C(O)c2ccc(F)cc2)cc1
ord-dc0d470e0e374219a427e8aa74581e8f_0,CCc1nc(-c2ccc(Cl)cc2Cl)c(CC)nc1N[C@H]1c2ccccc2C[C@H]1OC
ord-baf6635511ad42069336fe544045dcd4_2,CCOP(=O)(O)CCNC(=O)OCc1ccccc1
ord-203094d34b1b423490aa42a826ce92ba_1,C=CCOc1ccc(-c2nc3ccccc3o2)cc1
ord-faec27fede314041979e1d1f9ac5c716_0,Cc1c(-c2ccccn2)nc2cc(F)ccc2c1N1CC(C)(C)c2ncc(B(O)O)cc21
ord-0be44e35d1214139b6b9b12cd86b53f8_2,Cc1ccc(C(=O)/N=C/N(C)C)cc1I
ord-80ab98acd119418d8e94d5b5d8e22f06_0,O=C(Cl)C1CCCN1C(=O)OCC1c2ccccc2-c2ccccc21
ord-2df76852a88b4016b4c1ff9aed1d7e1f_0,COc1cc([N+](=O)[O-])cc2cc(C(=O)O)[nH]c12
ord-f67b6ffe61eb49da9dc5a03c92ca7121_0,COC(=O)c1ccc(Oc2ccc(Cl)cc2)c(Br)c1
ord-4bdc68c02fa64a32a867e3e1ce04f947_0,CS(=O)(=O)CCNC1=NC(=O)SC1
ord-22a47b03c3fc41e49dfdb1c7a96be54e_1,CSc1cc(-c2nc3ccccc3nc2Cl)nc(C)n1
ord-9d0237acf35c4c4d9f814c6f17de481b_0,CC(C)(C)OC(=O)n1cc(-c2ncc3c(n2)N2CCOCC2CN3)c2cccc(Cl)c21
ord-404e0d2310d84d1f9d11b3e6ed6366a2_0,C=CCN(C)CCCC#Cc1ccc2[nH]cc(C)c2c1
ord-ee27f33eecfb47179b04973baa1498cc_0,CC(C)(C)c1cccc(NC(=O)C2CCc3ccc(Oc4ccnc(N)c4)cc3C2)c1
ord-dc4490e1f3ed4f14abdcaaefed4ba3ef_0,Cc1cc(C(=O)O)ncc1C(c1cc(F)ccc1F)S(=O)(=O)c1cc(F)cc(F)c1
ord-37d75bfee46d4c1a98d1f24d579d5125_0,NC(=O)C1=CCCc2cc(Sc3ccccc3)cc(F)c21
ord-462e1d612740426695bbba0ca51eeabd_1,COc1ccc2c(c1)C(N)C(=O)N2c1ccc(F)cc1
ord-733691e9adda4b8bbb2935bdc0bd489a_1,CC(C)n1cc(ON(C=C=O)C(=O)Cl)cn1
ord-7f86410841d44d3eb0f4250b30d378d2_2,CC(=O)CC(=O)OCCCCCCO
ord-bb6900570abe4d3982615f3960a04c1e_0,CS(=O)(=O)O[C@@H]1C[C@@H](CN2CCNC2=O)N(C(=O)OCc2ccc([N+](=O)[O-])cc2)C1
ord-9e5b84e7364a46a68f92bfd58ab1eccf_0,O=C(O)Cc1ccc2c(c1)CC(CNS(=O)(=O)c1ccc([N+](=O)[O-])cc1)C2
ord-a8dc9521769a4893b7b68a2f31142c61_0,CCOC(=O)CCCc1ccc(C)c([N+](=O)[O-])c1C
ord-46aca065eab84388a9c1436e80c8af96_0,CCOP(=O)(OCC)C1=CSCC1P(=O)(OCC)OCC
ord-c577d53615314959a110599d4dea6944_0,OB(O)c1ccc2cc(-c3ccccc3)ccc2c1
ord-615b3c6456724a54bf64e87497ffc813_0,CC(=O)OCC(=O)Nc1cn2nc(Oc3cccc(NC(=O)c4cccc(C(F)(F)F)c4)c3)ccc2n1
ord-25f7b23d63544c87a5d3c74263e2ea62_0,O=C(NC(=O)c1ccccn1)Oc1ccccc1
ord-5dc978c315564b148838fe336c2fca82_1,N#Cc1ccc(-c2cnc(OC3CCNCC3)nc2)cc1
ord-c567ab8ce674446b9f6e7a3dd768e837_1,[H]/N=C(/CCc1ccc(Cl)cc1)NO
ord-95605fcd82db48629768ceaf8e7ace36_0,CNC1Cc2ccc(C(=O)Cn3cnc4cc(-c5ccc(Cl)cc5)sc4c3=O)cc2C1
ord-d1ccdd6542894678bdcfad2f3a26d9c6_0,Nc1ccc2c(ccn2C2CCOCC2)c1
ord-5584666457e3416d965fd9f6853cce67_1,ClCC1=NCCc2c1[nH]c1ccccc21
ord-5e32ebc07eb0489c8598075a23b56b39_0,c1ccc(CN2CCN(c3ccc4[nH]ncc4c3)C(CC3CCOCC3)C2)cc1
ord-57259a00917f4bb99c8feb9900021345_0,CCOC(=O)c1cn(-c2ccc(-c3cccc(S(C)(=O)=O)c3)cc2)c(-c2ccccc2C(F)(F)F)n1
ord-271c2ecad343420183aced9bd1232c87_0,N[C@@H]1Cc2cccc3cccc1c23
ord-7248ab093d024e389828ac415bffdaa6_1,CC(C)(C)OC(=O)N1CCN(c2ccc(-c3cnc4[nH]cc(C(=O)C(C)(C)C)c4n3)cc2)CC1
ord-68bbb6700a3143a38ff02cdfbf9fffbe_1,CCC(CO)(CO)OCc1ccccc1F
ord-3004ec925ef341e4a5cb0109586259d1_0,COC(=O)c1ccc(NCc2cccc(Cl)c2)cn1
ord-72c5a7a36bf14cfaad1b5710eec20b9a_0,NCC(O)c1ccc(F)c(Cl)c1
ord-94049d0cfbac4ecfa15f7b021d74a536_0,COC(=O)C(C)(C)c1ccc(NC(=O)N(c2c3ccccc3nn2-c2ccc(Cl)cc2)C2CCCCC2)c(F)c1
ord-0c3e216eda0142af964a39b7d62b03a2_0,COC(=O)c1cccc(C(=O)N2CCC(CN(C(=O)OC(C)(C)C)[C@H](C)c3cccc4ccccc34)C(c3ccccc3)C2)c1
ord-729b0929dff74be88b39d7f98ff68d04_2,O=C1COC2(CCN(Cc3cc4nc(-c5cn(S(=O)(=O)c6ccccc6)c6ccccc56)nc(N5CCOCC5)c4s3)CC2)CN1
ord-29f0184b57e6421c8a279f675fbda5b3_0,CS(=O)(=O)c1nn(-c2ccccc2)c2nc(-c3ccc(-c4ccnc(Cl)n4)cc3)n(-c3ccc(Cl)cc3)c(=O)c12
ord-50d7d2251f384f3782c153630c24e19d_0,CCC[C@H](C/C=C/COCc1ccccc1)C(=O)N1C(=O)OC[C@@H]1Cc1ccccc1
ord-a89717dfccaa469a95e81ac505f8a385_0,C[C@]12CC[C@@H](O)C[C@@H]1CC[C@@H]1[C@@H]2[C@@H](O)C[C@]2(C)[C@@H](C#N)CC[C@@H]12
ord-f7c9655fc0fa4811b261a17b2bcbb196_0,ClCCCSCc1ccncc1
ord-b724d8e5192f49e8beb7f49d712dc421_0,N#Cc1c(Cl)nsc1-c1cccc(C(F)(F)F)c1
ord-bb7cdd7a81bc42739cd70c1e5b929e46_0,C/C=C/C=C/N=C=O
ord-cd69c805bdac43e59fba2454c716212b_0,CCn1c(=O)c(C#N)c(Cl)c2ccc(C)nc21
ord-6cdbee8f698f47e9aae7b7889996c683_0,O=C(O)Cc1cccc(-c2c(Br)oc3ccc(Cl)cc23)c1
ord-125072582be1472ea8a6998f08671c8f_0,N#CC1Cc2ccc(Nc3ccncc3[N+](=O)[O-])cc2C1
ord-b80e8206082545fab2d9f424dcad2d8e_0,CC(C)(C)OC(=O)N1CCN(C(=O)CCl)C(C(O)(c2ccccc2)c2ccccc2)C1
ord-d371a5b5f7364227bfd418b2f548320c_0,N[C@@H]1CC[C@@H](CCN2CCC(Oc3c(Cl)cc(F)cc3Cl)CC2)CC1
ord-56383ad67d6c4908b606579e5036ec34_0,CCOC(=O)CC(=O)CCCCF
ord-343cc43ad7154298a2385f96275c6425_1,CCCCOC(OCCCC)[C@H](CCCNC(=N)N)NC(=O)[C@H](Cc1ccccc1)NC(=O)[C@@H]1CCC(=O)N1C(=O)OCc1ccccc1
ord-5cfef87baebc4395b5712709a9373e4f_0,CC(C)(C)OC(=O)N1CCC(Oc2nn(-c3ccccc3F)c3ccccc23)CC1
ord-6cffc33d1ed44f2fa9ce6f0d291d3e05_0,Cc1ncnc(C)c1C(=O)NCCC(C)N1CCC(N(Cc2cccc(C#N)c2)c2ccc(OC(=O)c3c(C)ncnc3C)cc2)CC1
ord-72461c549cb442ada7ef70f151a20d10_0,O=C(Nc1cccc2c(S(=O)(=O)O)cccc12)c1ccccc1
ord-bdabb9aeaddb40a894b367a279138235_0,C=C(CCC)C1NC(=O)CC(c2cccc(Cl)c2)C12C(=O)Nc1cc(Cl)ccc12
ord-c807ab9c208a42258871b109a5e6c206_1,CCCCCc1ccc(-c2ccc(-c3cccc(F)c3F)cc2)cc1
ord-a449cae50f7141109cfa5228abcef57a_0,CCCCc1ccc(CNC(=O)OC(C)(C)C)c(=O)n1Cc1ccc(-c2ccccc2C#N)cc1
ord-b15bccf343244555962b461da273beb9_1,NNc1cc(-c2ccccc2)ccc1Br
ord-7cfaee9dc0ef4484b26b3f7f1cd5a6d2_1,CC(C)c1ccc(-n2cccc2S(=O)(=O)Cl)cc1
ord-b0477cdb665e44c5bcb83e40fb36b959_0,COC(=O)c1cc(I)cc(C=O)c1
ord-0433ea6ce8fd487b8a4d8f1d28cb7e17_0,Cc1nnc(-c2ccc(Br)cc2C)o1
ord-3822291380ff4127aecad5f09c26e236_0,COC=C(C)c1cccnn1
ord-9c8307d578444f1cbb06cb969d02dd79_0,CC1(C)CCC(C)(C)c2cc(-c3cc(-c4ccc(C#N)cc4)on3)ccc21
ord-12890794ed8944b0b64774f78853c40f_0,COC(=O)CCC[C@H]1CC[C@@H]2[C@@H](CO)[C@H](OC3CCCCO3)C[C@@H]2S1
ord-bc2b47419b6642e6a62b233b6164f2c0_0,COC(=O)c1nsc2cc(N3C4CCC3CC(OCc3c(-c5ccccc5OC(F)(F)F)noc3C3CC3)C4)ccc12
ord-81126a5beb404743b6809da65f332baf_0,Cc1c(C(=O)Nc2ccc(Br)nc2)cnn1-c1ccc(C(F)(F)F)cn1
ord-97437364c72e4918b7c7bd3e263b2d98_0,CCOC(=O)/C=C/c1csc(-c2cnn(C(C)(C)C)c2-c2ccc(OC)cc2)n1
ord-307bbab4006a4be68305cc0e9ab13759_0,C[C@H](Nc1cc(C(=O)OC(C)(C)C)nc(-c2ccc(Oc3ccc(F)cc3)cc2)n1)C(N)=O
ord-f25ab87a3afb46f4bbab3388bbe8b766_0,CC(C)n1cc(C(=O)c2cncc(Br)c2)c2cnccc21
ord-74d3f3c1936143de8d69c2c5949987d1_0,CC(C)(C)OC(=O)CNC(N)=S
ord-3c53afc2278a4470934a9747cd049c23_1,CC(=O)c1ccc(C#N)s1
ord-a6ca8d569b3844aeae4404ecb29e9190_0,CC(C)(C)OC(=O)NCC(=O)CCC(=O)OCCCC(=O)O
ord-c2509b3fca4a4b888d391a0e8a128b32_6,CCOC(=O)c1cc2n(n1)CCN(Cc1ccccc1)C2=O
ord-c53770f542cc4830a83d9b53dd8c0f96_0,O=C(Oc1ccc([N+](=O)[O-])cc1)O[C@@H](Cc1c(Cl)c[n+]([O-])cc1Cl)c1ccc(OC(F)F)c(OCC2CC2)c1
ord-c19d6b86741e4264a40856f2feb1ae33_3,CS(=O)CCCO[Si](C)(C)C(C)(C)C
ord-588573003c174322aa44dab310dfd3c5_2,COC(=O)c1c(NS(=O)(=O)c2ccc(F)cc2Br)ccc2c1OCc1occ(F)c1-2
ord-d54ee377ad5745cebbde1dff11f83396_0,Cc1ccc(C(=O)C=[N+]=[N-])c(Br)c1
ord-fc96115cc64c43949f54d14d9d9bf411_0,CC#CCOc1ccc(C[C@H](NC(=O)[C@@H](/C=C/CCCCCCC(=O)CCCCCCC)[C@@](O)(CC(=O)O)C(=O)O)C(=O)OC)cc1
ord-b3ca704589bc463f87fa7c77d7e5fcbd_0,COCOc1nc2c(c(CBr)nn2C)c2ccc(F)cc12
ord-23b3204104d74d3296d53d262f0c8187_0,CC1(C(=O)O)CC1C(=O)Nc1ccc(Cl)cn1
ord-d491ba9104c64357b1bf083aa7de18f9_0,O=C(O)C1CC1C(=O)Nc1ccc(-n2ccccc2=O)cc1F
ord-2045dab18e114bea8b0f18ec60021110_0,CS(=O)(=O)c1nccc(-c2c(-c3ccc(F)cc3)nc3cc(CC#N)ccn23)n1
ord-d6776d5688fa4033885ddbf3bbcbd3c2_0,COc1cc(C(C)C)ccc1C1COc2c(C)c(C)c(NCc3ccccc3)c(C)c21
ord-c8e7cb25be944baf86677b3c5e4b9408_0,COc1cc(C(=O)C(C)=NO)c(OC)c2ccccc12
ord-2a5c448614724de781c0c90100dd80fc_3,CCOC(=O)c1cn(-c2ccnc3ccccc23)c(C)c1C
ord-46777eff6d484156ae59531c7f0e2f50_0,CCOC(OCC)c1ccc(CN(Cc2nccn2COCC[Si](C)(C)C)C(=O)c2ncc[nH]2)cc1
ord-d1bd2881ad714066b1b1a0e41f5781c4_0,Cc1nn(-c2ccccc2)c(N)c1C(N)=O
ord-6345da581d924b87852405b01282b915_0,CC(C)c1noc(N2CCCCC2=O)n1
ord-f267c5b6862a4c7d8241a8196ef2163a_2,C1C[C@@H]2COCCC23O[C@H]3C1
ord-3b6a4ce65e7d4f6a98f789fea6faa1a9_0,COc1ccc(Cn2c(=O)c3c(Nc4ccc(I)cc4F)n(C)c(=O)c(C)c3n(-c3cccc(NC(C)=O)c3)c2=O)cc1
ord-348b4b1b2602401fa4931da87b982024_0,CC(C)(C)OC(=O)c1ccc2c(cnn2C(=O)OC(C)(C)C)c1Nc1ccc(I)cc1F
ord-674122e82468406fadf59ce85b1e8160_0,CC(C)(C)OC(=O)N1CCN(c2ccc(Nc3ncc4c5ccnc(C#N)c5n(C5CCCC5)c4n3)nc2)CC1
ord-9a3c27eb2942465da3e26df40c02d260_0,O=C(Cl)c1ccc(C2CCN(C(=O)C(F)(F)F)CC2)cc1
ord-73bebd73d701410bbd19504ff3881df2_0,CCOCc1nc2c(N)nc3ccccc3c2n1CC(C)(C)CS(C)(=O)=O
ord-fe4f9f2bcc9445378b79de641f92f284_0,Cc1c(CNCc2ccccc2)cn2ncc(C#N)c(Nc3ccc(Oc4ccccc4)cc3)c12
ord-bbe4907e74754072b07c3a6e0a082941_0,CCOC(=O)c1c(O)c2cc(Cl)ccc2c(=O)n1C
ord-c29c342393304d04bbb5e4e73c487406_1,Cc1ccc(COc2ccc(C3=C(c4ccc(C#N)cc4)OC(C)(C)C3=O)cc2)nc1
ord-75ae5d5d1f0c4c4186c35236c1d7e7f6_1,CC1(N2CCC(=O)CC2)CCOCC1
ord-5ddfbb4700c54a49974f5d37cf75d967_0,Cc1ncn(-c2ccc([N+](=O)[O-])cc2C#N)n1
ord-ff4b1e3c98ab46229cb97f6d16b9d0c9_0,CC(=O)CCC(C)(C)O
ord-fdb8292350cd48feb5a1eecedefc6c58_1,CC(C)(C)OC(=O)N1CCc2nc(Cc3ccccc3)nc(O)c2C1
ord-82c1288e14cc43db84205d03d73e97f7_0,COC(=O)c1cnc(OC(C)C(F)(F)F)c(C#N)c1
ord-c89da0064c3146b98df9c86f281e7180_0,Nc1cccc2nn(CCN3CCCC3)cc12
ord-6ee9866635f94d1c8a021d7874a680c2_0,O=c1c([N+](=O)[O-])c(-c2ccncc2)nc2n1CCCN2
ord-734317f82c9c46e58ffe5de57018d834_1,O=C(c1cccc([N+](=O)[O-])c1)C1CCNCC1
ord-9cfe3a9d89924c158d21700b49d2719e_0,CC(=O)c1cc(Br)cc(C(C)(C)C)c1O
ord-a962e7fd7f2347b595d8033b7cbdc197_1,CCn1cnc2c(-c3ccc(F)cc3)cnnc21
ord-d8bbdbf1a7ad4acf99e30867af85b6fe_2,Nc1cc(F)c(F)c(C(=O)O)c1
ord-8ff50747d5f343138d9896bacff4fb80_0,COCC[C@H]1CC(=O)N(c2ccc3c(n2)NC(=O)CO3)C1
ord-046ae033cb81457bb8a1c88696cfed48_0,COc1cc2ncn(Cc3ccc4nc(S(C)=O)oc4c3)c2cc1OC
ord-ab953f4c349a45be9175f34c88a1abb1_1,COc1ccc([C@H](C)[NH3+])cc1Cl
ord-1c7ec7cf08fb457aaba766bb73efb95a_0,COc1ccc2[nH]c(=O)c3sccc3c2c1-c1ccc(CCC#N)cc1
ord-e53d028bc8424f83b337adfb4fb8f5c7_1,CC1(C)OB(c2ccc(S(=O)(=O)NCCO)cc2)OC1(C)C
ord-948f19bd72344d9289fb7870ac01f671_0,C[C@@H](C(=O)N1C(=O)OC[C@H]1Cc1ccccc1)c1ccc(Br)cc1F
ord-1ff5beeb32af417983bf00573277e3b4_0,CCOC(=O)C1CC(N(Cc2ccccc2)Cc2ccccc2)CC1CC
ord-896e6f98c9e24b61b6f61bdf6c0a046b_0,CC(C)C[C@H](NC(=O)[C@H](CO)NC(=O)OCc1ccccc1)C(=O)OC(C)(C)C
ord-57030804e0d94358b6b9c527ea808870_0,Nc1cnc(S)s1
ord-3cd8a11a4ea24cd9ba0985e7b40242a8_0,CCOC(=O)CC(C)(C)Cc1cc(F)c(OCCCNc2ccccn2)c(Br)c1
ord-e514c8c0952849b68a8bccc2fdadd17a_2,O=C1c2ccccc2C(=O)N1Cc1cc([N+](=O)[O-])ccc1O
ord-c91eb24a89ce428d9425845b83b33438_0,CCOC(=O)C1=C(O)c2ccc(F)c(F)c2C(C)(C)C1=O
ord-271e895a554a44d29a60f56a5f257c3b_0,C=C(CCl)COc1c(Cl)cc(OCC=C(Cl)Cl)cc1Cl
ord-a47de7aae8b643108406111892b425d9_4,CN(C)C[C@H](Cc1ccccc1)NCc1cccc(CN2C(C(=O)O)CCS2(=O)=O)c1
ord-114f3a2d4196453ba25b543d22f83384_1,COC(=O)c1ccc(C(=O)NN)cc1Cl
ord-ffeb59053f484f92991a4bee1897905b_0,CCCC(=O)c1c[nH]c2c(OC)cc(OC(=O)c3ccccc3)cc2c1=O
ord-43d62a1dc70e479ea24a10e58d527d65_0,NCc1cccc(C(=O)N(Cc2ccc(F)cc2)Cc2cc(Cl)cc(Cl)c2)c1
ord-694915df356b4d23a94fe496520df834_0,C[Si](C)(C)C#CN(CCCO)c1nc2cc(C(F)(F)F)ccc2n2ccnc12
ord-849db85dfcb045b7bfb7748072623ff2_0,CC(C)(C)OC(=O)N[C@@H](CC(=O)N1CCn2c(C(F)(F)F)nc(C(=O)C3CCCC3)c2C1)Cc1cc(F)c(F)cc1F
ord-a72c8c6dea854f8daf063d4edb0352df_0,N#Cc1ccc(-c2cncc(F)c2C=O)cc1Cl
ord-66a67d928caa4feb8222460eb76c2777_1,Cc1cc2c(c3ccc(=O)[nH]c13)CC(CN)O2
ord-4a21c923e9694d84b322ab1bb9880502_1,c1cc(OCc2ccc3ccccc3n2)cc(-c2nnn[nH]2)c1
ord-4222368124444b94aef5b14bcca463d9_0,Cn1ccnc1C1(O)CCN(C(=O)OC(C)(C)C)CC1
ord-425f72a170eb4bb0a448a7569957ecdb_2,O=C(NCO)C(Cl)(Cl)Cl
ord-442ef23f4fc14b52ba685d33ebd86799_1,C1CNCCSC1
ord-398b2eab9038412aa07ad575754ed896_1,COc1cc([N+](=O)[O-])ccc1OC[C@H]1CO1
ord-bf483c2a34884c1c97c89b3607099cf5_2,Cc1nc(CCc2c(-c3ccccc3)noc2C)sc1C(=O)O
ord-d3ba190ec2f44982a59bad0a4260f48f_0,CCOC(=O)[C@@H]1OC[C@@H](C(C)=O)O1
ord-7bfc004f322e4c3da7cd5f4ce47091ef_0,COc1cc2c(cc1O)CC(C)(C)N=C2
ord-6875917fdc0e4c6c9fedae3a6dffe0e1_0,CCOC(=O)C1(O)CCC(O[Si](C)(C)C(C)(C)C)CC1
ord-3640c023f06f463ca4df6393677d8b08_0,CC(C)(C)OC(=O)N1CCC(OS(C)(=O)=O)C1CCNC(=O)OCc1ccccc1
ord-cad4f8c0140e4a53a9f1d98f961fb41d_0,CCOC(C#CC(O)CC)OCC
ord-4d58323b163c41c39fb07de8461985c8_0,O=C(c1ccc(Cl)c([N+](=O)[O-])c1)C1CCCCC1
ord-5ce131721cb34c8698bc4906f7b36450_0,CCCCCP(=O)(OCC)c1ccc(Cl)c([N+](=O)[O-])c1
ord-964de9137b6c4c20a8b2cc2ba2995a41_0,COC(=O)c1ccnc(Cc2ccccc2)c1
ord-e150b56a574d48cc91bf17c52995ad65_0,COC(=O)C1CCNC(Cc2ccccc2)C1
ord-9eee72931600479b87183dc8ba3b1b60_0,Cc1ccc(S(=O)(=O)n2ccc3nc(C(N[S@@](=O)C(C)(C)C)C(F)(F)F)cnc32)cc1
ord-555d03b05a4647b38f597d0caad4f856_0,Cc1ccc(S(=O)(=O)n2ccc3c2ncc2cnc([C@H]4CN(C(=O)OC(C)(C)C)CC[C@H]4C)n23)cc1
ord-530b343428824d869924b76a2441b8e5_2,CC[C@H]1CNC[C@H]1c1nnc2cnc3c(ccn3S(=O)(=O)c3ccc(C)cc3)n12
ord-977788367dd0412080c9072013037a59_0,CNC(=O)n1nc(C(C)(C)C)nc1O
ord-b86b303d338a4642a0ab968c72930c84_1,OCC#CCCCOC1CCCCO1
ord-eb38eeadb7164ce885cc2fb6c3bf5e41_0,CC#CCOc1ccc(S(=O)(=O)N2CCS(=O)C(C)(C)C2C(=O)[O-])cc1
ord-6f31e4df667c4be0b082ed8c4ef58f14_0,COc1cc([C@H](O)COS(=O)(=O)c2ccc(C)cc2)cc(OC)c1OC
ord-5b8149ceb68941b0829edcd7ffbffefa_0,Cc1ccccc1C(=O)CN1C(=O)C(NC(=O)Nc2cccc(C(=O)OCc3ccccc3)c2)CN(C(=O)C(C)(C)C)c2ccccc21
ord-82869b2cd3604438aa10bb99d84a35a2_0,Cc1nc2n(n1)C(SC#N)=Nc1ccccc1C2
ord-cc5e83cb537d4f9c874db9bd37a61444_0,N[C@@H]1CC[C@@H](NS(=O)(=O)c2ccc(Br)cc2OC(F)(F)F)CC1
ord-6a210aad632d403099b9e27309b55225_4,Cc1ccc(S(=O)(=O)OCCC2CN(Cc3ccc(C(F)(F)F)cc3)C(=O)N2C)cc1
ord-d97bb2889b5f468080b079d2b3c22145_0,O=C(NC(CN1CCOCC1)c1ccccc1)c1cccnc1F
ord-577d2f645f2646e190d3f5cbee4e996f_0,COC(=O)c1cccc(Oc2cc(N)c(N)cn2)c1
ord-8022941317ef4ff9aca82e964d53b306_2,CNc1ccn2c(C(=O)c3ccc([N+](=O)[O-])c(OC)c3)c(C)c(C(=O)OCc3ccccc3)c2c1
ord-19229dc1a7fb402288e9897e758debe6_0,COc1ccc(C(C)=O)c(Cl)c1
ord-a7d3fbe898d847c68fadbf3915e5b35a_0,NCCc1ccc(-c2ccccc2)nc1
ord-e87ff47b43bf4e548244637f25f509d2_0,CC(C)(C)OC(=O)n1c(C=O)cc2c(Cl)nc(-c3ccccc3)nc21
ord-ba921961a8e141c0ba1c29d8f6b4307b_0,CSc1ncc2cc(-c3cc(-c4nnc(CC(C)C)o4)ccc3C)c(=O)n(C3CCCC3)c2n1
ord-1abded4ffdb743598185c6d9933b24c9_0,CCCCc1cc2ccccc2c(Oc2ccc(/C=C/C(=O)OCC)cc2)c1-c1ccc(OC)cc1
ord-c2f09fd509964f8fabbbcd99d56ec7b0_0,Cc1cc(NC(=O)OCc2ccccc2)ccc1O
ord-271b1a3e8aa74882866453cba53c93df_0,CON1CCC2(CC1)OC(=O)C(c1c(C)cc(C)cc1C)=C2O
ord-bc3bd6b6aefb4a038d6d1af5ad64a8e1_0,Cc1cc(C2=NOC(c3cc(Cl)cc(Cl)c3)(C(F)(F)F)C2)sc1CO
ord-549491ce1818412f957ab2a33af01bea_0,CC(C)(C)OC(=O)N(CC1CCNCC1)c1cc(N(COCC[Si](C)(C)C)COCC[Si](C)(C)C)n2ncc(-c3cnc4ccc(F)cc4c3)c2n1
ord-9574a61e822c4dcb8dc7b77dfcd63820_1,CCCOc1ccc(C#N)cc1
ord-ad1c499fc27d4f65be352f431a0280fb_0,CON(C)C(=O)c1cc(-n2c(=O)cc(C(F)(F)F)[nH]c2=O)c(F)cc1Cl
ord-4c8f67b82d9d4c3e96bdccf5090e80c8_1,CS(=O)(=O)OCCCOc1ccc(Cl)cc1
ord-2c07b8923c7740818fc3b1ebb7fc3e99_0,CC(=O)OC1OC(=O)c2ccccc21
ord-3995adbe6b7940e3b474099fd603358c_3,CCOC(=O)c1cccc(C(F)(F)F)c1
ord-57695f82276b48eb9bfc84d942732154_2,CN(C)CCC=C1c2ccccc2C=Cc2ccccc21
ord-acaf3ba19a2d4bef9b4174f82f00cf52_1,COC(CSc1ccccc1F)OC
ord-77ca9a2b640d465392275b1fd47802dc_1,Nc1cn(C2CCCCO2)nc1-c1nc2cc3c(cc2[nH]1)CCC3
ord-a7a2712f76f4434cac0395dd52f903cb_0,O=C1NCN(c2ccccc2)C12CCN(C[C@@H]1CCc3ccccc3[C@H]1O)CC2
ord-42c00d6678ae4e81a50c67dd9b798498_0,CNC(c1ccc(OC)cc1)c1csc(S(N)(=O)=O)c1
ord-aa0eb34e98ae4e85b01a347909369313_0,O=C(O)C1CC12CCCCC2
ord-d35de0e27a3845e5adb935d104ed367f_0,CCCN(CCC)CCCCN(CCC(=O)OC)Cc1ccc(CNCc2ncc[nH]2)cc1
ord-5379ca734dae47c68f9e767c9df4b3cd_1,[O-][n+]1ccccc1Cc1ccccc1
ord-cb886337b2bb43d7958967cf982e721d_3,CCOc1ccc(OC)cc1C(N)=O
ord-630b235141c6429296fadad94e1a144d_0,COP([O-])[O-]
ord-dd58fc3c17a74632917cae32ba65db47_4,[Li][CH]=CC
ord-2f4f357b73274f0f9807f875eeafd29f_1,N#CC=C(N)c1ccc(F)cc1F
ord-2af3e6e71c7d4b6a80f66a8dd44c1fe3_0,CC1Cc2ccc(Br)cc2CN1C(=O)OC(C)(C)C
ord-1c5b65c3b9ad41fba7d23f5ea22e84a9_0,CCOC(=O)CCN(C)C(=O)c1ccc(NC(CC(C)C)c2oc3ccc(Cl)cc3c2C)cc1
ord-5823f61956324cf88f8d1bdb0e01f6f1_0,COCCOCc1c(CO)oc2ccc(F)cc12
ord-aa6fc45e6df34901a1bc78973a9dafc5_0,CCOC(=O)CCNC(=O)c1ccc(NC(c2oc3ccc(OCCCS(C)(=O)=O)cc3c2C)C2CCCCC2)cc1
ord-55dd884ca9094ce9a228d6d23796c7dd_0,CCOC(=O)C(CC)NC(=O)Cn1ncc(N[C@@H]2C[C@@H]3C[C@H]([C@H]2C)C3(C)C)c(Cl)c1=O
ord-2b182d0892be4d98a1e17edeb8552048_0,Cc1cc(Nc2nc(Nc3cc(C)c(Br)cc3C)ncc2Cl)n[nH]1
ord-3bc13da47d7b4364b24bda98649dbc46_0,CCOC(=O)c1cc(Oc2ccc(C(C)C(O)(c3ccc4c(c3)N(C)C(=O)CO4)C(F)(F)F)c(Cl)c2)ccc1F
ord-51065769ed214ca9b9c702a8a2ffb728_0,CCN1C(=O)COc2ccc(C(=O)C(C)c3ccc(OC)cc3Cl)cc21
ord-7e1a19a02ca4422a9a5b9c51100ef416_0,C[Si](C)(C)CCOCn1ncc2[nH]c(-c3ccc(OC(F)F)c(OC4CC4)c3)c(CC3CC3)c2c1=O
ord-ef6c123d728e426ea02ee60b91d4a022_0,CCOC(=O)c1cc(-c2ccc(OC(F)F)c(OCC3CC3)c2)[nH]c1COCc1ccc(OC)cc1
ord-885c4c28610949e79589db72dac97950_0,COCC(=O)c1ccc(OCCCOc2c(Cl)cc(OCC=C(Cl)Cl)cc2Cl)cc1
ord-b7c5ce32c29f47359e30e3fdd583de49_0,FC(F)(F)Oc1ccc(-n2ncc(Cc3ccc(Br)cc3)c2C2CCCCC2)cc1
ord-36e67e5d72624bd4b6a7f405158df350_0,Cc1c(C)c2c(c(C)c1O)CCC1(CCC1)O2
ord-fbedc33ba66147e6ac1f5d46bed54f8e_0,CCOC(=O)c1cc(C(=O)O)ccc1OCC
ord-db34ccea9f4b4518acbcdfeabed8f586_0,BrCCCCOCCc1ccccn1
ord-83bc811f3b164da6ad93f37ef30c7669_0,COc1cc2c(cc1OC)SCCC(C(=O)N1CCN(C(=O)c3cc(OC)c(OC)c(OC)c3)CC1)=C2
ord-4e22ef240be448e5a72ab665249a9b1f_0,COC(=O)C1(C(C)(C)C)Cc2cc(O)ccc2O1
ord-181805b1cc8f477f848f37fa63675a54_0,O=C1CN(C(=O)[O-])C2(CCCC2)CN1
ord-4fba25a63077436eb85146e564cf839a_4,Cc1cc(NC(=O)c2ccccc2S)n(C)n1
ord-167a51ac699c47d6a3cc6d903a5fc671_0,CCOP(=O)(CC)OC(C#N)c1cccnc1
ord-856c093d2e4b469a9dc95f405e1422da_0,Nc1ccc(C(=O)OCC(O)CO)cc1
ord-0e45146a057144eb8c975fdf613c7f29_3,CC(C)=CC(=O)[C@H](C)N(Cc1ccccc1)Cc1ccccc1
ord-a0cd1da2be764b868cc3851b6199da10_0,c1ccc2c(c1)c1ccccc1c1cc(-n3c4ccccc4c4ccccc43)ccc21
ord-feba15eb86cf48b182e99955fb32536b_0,O=C(O)c1cccc(C2(NC(=O)c3cncc4c3cnn4-c3ccc(F)cc3)CC2)c1
ord-74f44b4b60314fbda73ac599d049d5f8_0,O=Cc1sccc1-c1ccc(Cl)cc1
ord-e1f57e29d387476b8162e80b6fcab2a0_0,C#CC(C)NC(=O)c1cccc(C(F)(F)F)c1Cl
ord-da6e86bc60d845689bde7302401fca2a_3,COc1ccc(S(=O)(=O)Cl)cc1F
ord-9c06fe80f1da44a7b1fc976baab6e537_2,CCCCC1OC1CCCCCCCCCCOC(C)=O
ord-814171ab3ae8402d8688880dd8ccc2a2_0,CC(C)(C)OC(=O)CO[C@H]1CCC[C@@H](O)C1
ord-b608714a4e024d2ea7068a325c0481a6_2,CC1(C)O[C@H]2[C@H]([C@H](O)CNc3nccnc3Cl)CC[C@H]2O1
ord-8bc08849664443309a12c40f63b80de7_0,Nc1c([N+](=O)[O-])ccc(Oc2ccccc2)c1F
ord-3299044a7de9434892120250d4b0e709_4,CNCCc1cn(CCc2cnc(C)nc2)c2ccc(Cl)cc12
ord-f5c00e7221fd42198999652b66f4d2ba_1,CCc1nc2ccc(-n3ccc(Br)cc3=O)cc2n1C
ord-5bcda76448ca4bb6b2f741714363d5d3_0,CCCCCCCCCCCC(=O)OC[C@H](CSC[C@H](NC(=O)OCC1c2ccccc2-c2ccccc21)C(=O)N[C@@H](C)COCCCP(=O)(OCC)OCC)OC(=O)CCCCCCCCCCC
ord-f52c8253cf1e4c4f9eb47c59d0b99bfd_0,Cc1cccc2cc(-c3cnc4ccc(Cl)nn34)sc12
ord-20b371f2e3074d888758bcea347670a2_0,Fc1c(Cl)cc(C2(C(F)(F)F)CCNC2)cc1Cl
ord-6b0e011df8364c59972b15063c81feec_0,CC(C)(O)c1ccc(-c2cc3ccc(F)cc3c(=O)[nH]2)cc1
ord-ea53e607d5964a968dfb66debd969106_1,C[C@H](CCO)[C@@H](C)S(=O)(=O)c1ccccc1
ord-87435632c34844cfa51cee9ae34b724c_0,Cc1cccc(C(=O)N[C@@H](CCCC2CCCCC2)C(=O)O)c1
ord-785737f82afe4b12b86355e8e4348efe_0,Fc1cc(CBr)c(Cl)nc1Cl
ord-17d89dcb445040cab79e297057515afe_3,CCCCOc1ccc(Cn2c(C)nc3c(C(=O)OCC)cccc32)c(Cl)c1
ord-52e7f96e716c4ff6b370539ae3ef7ef5_0,CC(=O)c1cccc(Nc2nccc(-c3cccnc3)n2)c1
ord-0a15e8aba45b4ced8f3d792f03ab2ff2_0,Nc1nc(/C(=N/OCCF)C(=O)O)cs1
ord-2f95526bce4d470eb61c7076bdcd2d3b_0,CC(C)C=Cc1c(C(C)C)nc(NC(C)C)c2n[nH]c(=O)n12
ord-15cde940836843679beb6de04c8b7eb9_2,CCN(CC)CCN(CCNCCc1ccc(O)c2[nH]c(=O)sc12)C(=O)CCOCCc1cc(OC)ccc1Br
ord-93f2d3aa61fc497a8870a121a0d1c2e2_0,CN1C(=O)CCN(C2CCCC2)c2nc(Nc3cc(F)c(C(=O)O)cc3Cl)ncc21
ord-095a3202ec854c6ea82a750278d96481_1,Nc1ccc(Cl)c(CC2CCN(C3CCCCC3)C2=O)c1Cl
ord-f383c3e87b184791a67a2535d81c6360_1,Nc1ccc2c(c1)CCN2
ord-38bf6bbed5d044fba61c2ec3740a674f_0,CC(=O)c1ccc(O[Si](c2ccccc2)(c2ccccc2)C(C)(C)C)cc1
ord-8f8bfab1fd144704890302dd9a1ceca8_1,CC(C)(C)OC(=O)N1CCC(c2ccccc2Sc2c[nH]c3ccccc23)CC1
ord-60e7421796904ddaaae3386352245993_0,CC(=O)OC[C@H]1CC[C@H](O[C@H](C)c2cc(C(F)(F)F)cc(C(F)(F)F)c2)[C@@H](c2ccc(F)cc2)[C@@H]1C=O
ord-92464749ca8048ffbf83f0767ed15427_0,CCC1(OC(=O)OCc2ccccc2)C(=O)OCc2c1cc1n(c2=O)Cc2c-1nc1ccccc1c2CC[Si](C)(C)CCCO[Si](CC)(CC)CC
ord-c1b7bac8c53d4c9e9a94feb78cd3a399_0,CC(C)(C)OC(=O)n1ccc2cc(C=CCO)ccc21
ord-e0f9399a22bb4b4d8a6b576d21864231_0,CC(C)(C)OC(=O)n1cccc1-c1cc(F)c2c(c1)C(C)(C)C(=O)N2
ord-2016f79764fe4709bc3e09b48b2f3bbb_0,CCOC(=O)/C=C(\CC)C1CCCCC1
ord-eea2a28fad324177aaf0ee31e6d5d079_0,CC(C)(C)OC(=O)CN(C(=O)CN)c1ccccc1Oc1ccccc1
ord-0a81b1a187ea4bfb89f4d9d05b44edc7_0,CCOc1ccccc1C1=NC(C)(c2ccc(Cl)cc2)C(C)(c2ccc(Cl)cc2)N1C(=O)Cl
ord-3f2a4129b7954ec48d69da6ee93dffdc_0,COc1c2c(c(OC)c(OC)c1OC)CC(CCCCCCCCN)C2
ord-2bcf9ec19f2b4d90ab2ab8abe2b1904f_3,ClOCc1ccccc1
ord-8bb1e842b56f4684893f8f3a287488fc_0,O=C(NCCc1ccccc1)C(NC(=O)[C@@H](Br)CCCCN1C(=O)c2ccccc2C1=O)C(=O)NCCc1ccccc1
ord-84d7d70b91464877b9c03025d876c0e7_1,O=c1c2cc(F)c(F)cc2n(CCF)c(=O)n1OCc1ccccc1
ord-36ac6e98cf734a8cb3464b8cace70005_0,O=C(c1cnc2ccc(Br)cc2c1Nc1cncc(CCN2CCCC2)c1)C1CC1
ord-decb994644164cb8ab3a2a4694cd2b9f_0,CCn1c(-c2nc3cc(C(=O)N4CCCC(NC(=O)OC(C)(C)C)C4)ccc3n2C)cc2cccnc21
ord-9f5b1fc470ba45b2870d16bee0cb81b3_3,CCOc1cc(C(Cc2c(Cl)c[n+]([O-])cc2Cl)OC(=O)c2ccc(C=O)s2)ccc1OC
ord-d894a0b83dd84948810fafa13c65c2f0_0,O=C1CCC[C@@H](N(Cc2ccccc2)Cc2ccccc2)C1
ord-07cc383f6237472cb1ee9e5fc6303f38_2,COC(=O)C(C)(C)/C=C/c1ccc2ccc([C@@H](C)N)nc2c1
ord-40189096a2b446af9a3cbfa8b4cfec01_1,CC(=O)c1ccc2c(c1)C(c1ccccc1F)=NC(C)(C)C(=O)N2
ord-5c00b0e1e6294f7e9334cb74a494edc1_0,COc1ccc(-c2cc(C=O)[nH]c2-c2ccc(OC)cc2)cc1
ord-a0734779439f4634a4bb176e36b7c854_0,CC(C)Oc1cc(-n2ncc(C(F)(F)F)c(C#N)c2=O)c(F)cc1Cl
ord-899d31f0088e460dbbee34a9c0dc35e7_0,CCCCCCCCC(O)Cc1ccc(OCc2ccccc2)c(OCc2ccccc2)c1
ord-6ea2a961defe489697b4361634e420d1_2,CC(C)(C)[Si](OCCCC1OC(=O)C=C1c1ccccc1)(c1ccccc1)c1ccccc1
ord-2be575fc1c034a92b43d4da955ac96e3_0,CC(C)(N)c1cncnc1
ord-25f404b2732846958cb2446c881a44e0_0,CNC(=O)c1ccccc1Oc1ccccc1
ord-597a8b6e233f4bcaa936c2aecec57d20_0,CC(=O)N1CC(N)=Cc2c1cccc2[N+](=O)[O-]
ord-71add139fb124842afbc23f1105c6e5c_0,COCC1COc2cc3ncnc(Cl)c3cc2O1
ord-324ee79d9ddd4492a0482ec89e8c01c5_0,N#Cc1cccc(Cc2cc(Cl)ccc2OCc2ccc(Cl)cc2F)n1
ord-60388bef9068407fb5619916f8fdd840_0,COc1ccc2nc(Cl)c(C(=O)c3ccccc3OC)cc2c1
ord-2cab73bf5f3c42d3a33f17717638f359_1,C[C@@](O)(c1cc(F)ccc1F)[C@H](N)c1cncc(Br)c1
ord-fc3b98c5db1647c0aedbd6ad154a3986_0,CC(C)(C)OC(=O)N[C@H](c1cc(Br)ncc1F)[C@H](O)c1ccccc1F
ord-69d97e76de4f48d2920029ba9269b6cf_0,CCOC(=O)c1c(O)c2ncc(Cc3ccc(F)cc3)cc2n(CC(=O)N2CCOCC2)c1=O
ord-818e5841e950425e84937a6cbc2286c2_1,CCOC(=O)Cn1c2c(c3cc(F)ccc31)C[C@@H](N)CC2
ord-b8b33cce66d0400b9126ec32f496a119_0,CC1(C)OB(c2cc(F)c(C#N)c(F)c2)OC1(C)C
ord-d72d6e100ac74509a3ec4e5c9b8fd2a1_0,O=C(CNC(=O)C1CN(Cc2ccccc2)CCO1)c1ccccc1
ord-e657c9a9619b426cbce0c666ebdaf904_0,O=Cc1cc(Cl)cc(OCCCOCc2ccccc2)c1O
ord-41978afdf0de4e5795a27ebb6b039c44_0,O=C(O)c1cnc(SCc2c(F)ccc(F)c2F)n1-c1ccc(F)cc1
ord-53058e09cad14a019c9bd8e9fa62692d_0,CC(C)(C)OC(=O)Nc1nc(Cl)sc1C#Cc1ccc(F)cc1
ord-9b989f4f1a244e26bfd73111548f6541_0,CNC(=O)c1nnc2c(Br)cccc2c1N
ord-d2063cf4dcf049f1807d8e694d77b8ef_0,CC(=O)N1CCN(CCOc2ccc(N3CCN(C4=Nn5c(nnc5C(F)(F)F)CC4)CC3)cc2)CC1
ord-0837034e9ee148f1bd380d224816e8df_0,CCOC(=O)CN1CCC(N(c2ccccc2)c2cccc(C(F)(F)F)c2)CC1
ord-66e42e340bd64edcb982991f7662555f_0,C[Si](C)(C)C#CCCOc1ncccn1
ord-756afa306eb148ea8b3a4df93123d3a6_1,CCCOCC(O)CCN1C(=O)CSC1CCCCCCC(=O)O
ord-a10e38574bd848a0b7606727b83a974a_0,CC(C)(C)OC(=O)N1CCO[C@H](c2ccc(Nc3ncc(O)cn3)cc2)C1
ord-53af200e20694ad0a333e3cb5032de6b_2,CCOC(=O)N(N)c1ccc(C)cc1
ord-2b5c3c16db384efd89302892ba4eec9a_1,C[C@H]1CC(=O)CCN1
ord-9ea83098eb694d75a49e7df58c9b1f09_1,COC(=O)c1cc(Br)nc2c1[nH]c1cc(C(=O)OC(C)C)ccc12
ord-a5cd27073e6a4d9eaf553de7883d19cd_0,O=C(NCc1ccc(Cl)cc1)c1cn2c3c(cc(CN4CCOCC4)cc3c1=O)OCC2
ord-f4ef0e7ade564ca79dcacb7446cd0831_0,COC(=O)C[C@@](Cc1ccc(OC)cc1CN(CC(F)(F)F)C(=O)OC(C)(C)C)(C(N)=O)N1C(=O)OC[C@H]1Cc1ccccc1
ord-790107d14227438cb80bfc7d54f4a4c2_0,CCCOc1cc2c(cc1Br)C(C)(C)CCC2(C)C
ord-f00997a6b580433c94373ce5b12f620f_2,CCCCCC(C=O)=Cc1ccc(Cl)cc1Cl
ord-e357ff5bf9f642a9a889251ad7e46814_0,CSC1C(=O)Nc2c(Oc3ccc4ccccc4c3)cccc21
ord-a2d2d4200221464cac1fe5d964a612bc_1,OC(CNc1ccccn1)c1ccccc1
