fp_kind,fp_bits,postings,query_density,target_density,build_seconds,index_mib,posted,candidates,matches,match_median_seconds,match_seconds,fp_seconds,postings_seconds,check_seconds,exact_seconds,digest
atoms,512,128,0.0604926953125,0.14740625,0.148596166,6.1124114990234375,3485619,3474743,27723,0.763879625,0.7639 0.8081 0.7917 0.7352 0.7533,0.002392723399999999,0.016540893000000067,0.019096217999999995,0.7322943812000002,72f6936d8ee5f05b373f67d8d0b9fac4a8397c3d703c047c227485dabdf7310b
atoms,1024,128,0.03031380859375,0.07507421875,0.149265875,12.218856811523438,3379033,3352688,27723,0.810836,0.8122 0.7744 0.7251 0.8108 0.8229,0.0023811702000000007,0.017202058000000072,0.04416827080000006,0.725263321400002,72f6936d8ee5f05b373f67d8d0b9fac4a8397c3d703c047c227485dabdf7310b
atoms,2048,128,0.015233125,0.03831396484375,0.153174625,24.431747436523438,3143882,3101522,27723,0.810324916,0.7471 0.8103 0.8249 0.8121 0.7379,0.0023500678000000046,0.017281961800000026,0.08085432739999984,0.6859153771999977,72f6936d8ee5f05b373f67d8d0b9fac4a8397c3d703c047c227485dabdf7310b
atoms,4096,128,0.0076261865234375,0.019298583984375,0.1543135,48.85752868652344,3076933,3031375,27723,0.937004042,0.9506 0.9294 0.8456 0.9370 0.9467,0.0025043043999999947,0.019041879799999946,0.17182107120000037,0.7284264438000018,72f6936d8ee5f05b373f67d8d0b9fac4a8397c3d703c047c227485dabdf7310b
atoms,8192,128,0.00381377685546875,0.009656494140625,0.158088667,97.70909118652344,3058985,3007897,27723,1.135177209,1.1352 1.1476 1.0772 1.1090 1.1422,0.0026818275999999984,0.021328766999999988,0.3173634931999998,0.7807733290000021,72f6936d8ee5f05b373f67d8d0b9fac4a8397c3d703c047c227485dabdf7310b
paths2,512,128,0.18893859375,0.369283203125,0.255359125,6.1124114990234375,455356,398319,27723,0.134300666,0.1343 0.1362 0.1279 0.1274 0.1361,0.0061575848000000035,0.014274701799999984,0.004405763200000013,0.10746938819999982,72f6936d8ee5f05b373f67d8d0b9fac4a8397c3d703c047c227485dabdf7310b
paths2,1024,128,0.09891779296875,0.2054912109375,0.258643,12.218856811523438,459196,309824,27723,0.12305875,0.1273 0.1214 0.1231 0.1227 0.1241,0.006047701599999982,0.014337918200000016,0.007814517199999997,0.09544971320000016,72f6936d8ee5f05b373f67d8d0b9fac4a8397c3d703c047c227485dabdf7310b
paths2,2048,128,0.050231259765625,0.1079306640625,0.263440083,24.431747436523438,520988,261012,27723,0.117833083,0.1204 0.1178 0.1169 0.1179 0.1116,0.006087939800000018,0.014502969200000033,0.012785727600000012,0.08347451340000019,72f6936d8ee5f05b373f67d8d0b9fac4a8397c3d703c047c227485dabdf7310b
paths2,4096,128,0.0252941845703125,0.055471923828125,0.268478916,48.85752868652344,613850,246688,27723,0.123089375,0.1206 0.1160 0.1231 0.1359 0.1283,0.0060750651999999915,0.014610225400000006,0.023660918000000045,0.08038394920000014,72f6936d8ee5f05b373f67d8d0b9fac4a8397c3d703c047c227485dabdf7310b
paths2,8192,128,0.0127121484375,0.0280771484375,0.280729875,97.70909118652344,711230,240897,27723,0.14917975,0.1492 0.1481 0.1502 0.1453 0.1506,0.006093047199999992,0.014836298599999997,0.042706172599999946,0.08496800800000018,72f6936d8ee5f05b373f67d8d0b9fac4a8397c3d703c047c227485dabdf7310b
paths4,512,128,0.325452890625,0.5398828125,0.477530792,6.1124114990234375,218941,198692,27723,0.085946625,0.0859 0.0823 0.0824 0.0883 0.0863,0.014553969199999992,0.014239894000000003,0.002465094399999999,0.05372194539999992,72f6936d8ee5f05b373f67d8d0b9fac4a8397c3d703c047c227485dabdf7310b
paths4,1024,128,0.1833255078125,0.329478515625,0.477100334,12.218856811523438,214624,120555,27723,0.070764125,0.0724 0.0693 0.0709 0.0703 0.0708,0.01428555339999997,0.014260013599999958,0.0041502764,0.037980507399999926,72f6936d8ee5f05b373f67d8d0b9fac4a8397c3d703c047c227485dabdf7310b
paths4,2048,128,0.096231181640625,0.182458984375,0.4854875,24.431747436523438,295158,95748,27723,0.068183416,0.0694 0.0698 0.0682 0.0671 0.0674,0.014466460799999999,0.014467376999999964,0.007119104399999997,0.03227557820000011,72f6936d8ee5f05b373f67d8d0b9fac4a8397c3d703c047c227485dabdf7310b
paths4,4096,128,0.049241083984375,0.095875732421875,0.494772708,48.85752868652344,445942,88651,27723,0.070833917,0.0759 0.0718 0.0708 0.0682 0.0686,0.014347501199999961,0.014423462399999969,0.012804220800000024,0.029451004199999974,72f6936d8ee5f05b373f67d8d0b9fac4a8397c3d703c047c227485dabdf7310b
paths4,8192,128,0.0249671337890625,0.0492686767578125,0.507700125,97.70909118652344,695075,86771,27723,0.087478833,0.0894 0.0874 0.0879 0.0871 0.0875,0.014262520999999995,0.014626222600000011,0.027268702200000067,0.031622659999999976,72f6936d8ee5f05b373f67d8d0b9fac4a8397c3d703c047c227485dabdf7310b
paths4-nocount,512,128,0.1731605078125,0.303349609375,0.458796166,6.1124114990234375,290612,215571,27723,0.095556583,0.0963 0.0956 0.0952 0.0956 0.0935,0.01358213879999999,0.014109204199999949,0.0036998425999999964,0.06377360519999982,72f6936d8ee5f05b373f67d8d0b9fac4a8397c3d703c047c227485dabdf7310b
paths4-nocount,1024,128,0.09225478515625,0.1677802734375,0.460983042,12.218856811523438,351952,182681,27723,0.091081958,0.0891 0.0888 0.0914 0.0911 0.0919,0.01358067020000001,0.014142842399999904,0.006034822999999998,0.05662557200000001,72f6936d8ee5f05b373f67d8d0b9fac4a8397c3d703c047c227485dabdf7310b
paths4-nocount,2048,128,0.047343798828125,0.08837841796875,0.466074334,24.431747436523438,462253,166628,27723,0.092406,0.0938 0.0967 0.0923 0.0924 0.0922,0.013526610799999996,0.014125848400000003,0.010947293800000028,0.054833322399999884,72f6936d8ee5f05b373f67d8d0b9fac4a8397c3d703c047c227485dabdf7310b
paths4-nocount,4096,128,0.023946181640625,0.045271240234375,0.47762575,48.85752868652344,582056,160204,27723,0.094940125,0.0986 0.0918 0.0915 0.0949 0.0976,0.013597049000000009,0.014270733000000008,0.016786878400000003,0.05017041520000024,72f6936d8ee5f05b373f67d8d0b9fac4a8397c3d703c047c227485dabdf7310b
paths4-nocount,8192,128,0.012039013671875,0.0229169921875,0.48316425,97.70909118652344,698119,158227,27723,0.115224,0.1157 0.1155 0.1152 0.1149 0.1147,0.013517272600000014,0.014318208800000025,0.032517353199999946,0.05477968800000009,72f6936d8ee5f05b373f67d8d0b9fac4a8397c3d703c047c227485dabdf7310b
paths6,512,128,0.4400634765625,0.713724609375,0.808143959,6.1124114990234375,501852,495676,27723,0.150744167,0.1619 0.1502 0.1486 0.1507 0.1527,0.03187648059999998,0.012006726400000011,0.003763453999999983,0.10511697660000041,72f6936d8ee5f05b373f67d8d0b9fac4a8397c3d703c047c227485dabdf7310b
paths6,1024,128,0.2633090625,0.4876728515625,0.810840042,12.218856811523438,214608,126083,27723,0.085134666,0.0870 0.0851 0.0853 0.0842 0.0847,0.03130650300000004,0.014702296200000022,0.003993472600000002,0.03521177540000009,72f6936d8ee5f05b373f67d8d0b9fac4a8397c3d703c047c227485dabdf7310b
paths6,2048,128,0.144392978515625,0.29228759765625,0.817618584,24.431747436523438,276346,80524,27723,0.076583791,0.0775 0.0751 0.0741 0.0766 0.0810,0.03149636700000003,0.014730352000000016,0.006223268999999981,0.02435633259999997,72f6936d8ee5f05b373f67d8d0b9fac4a8397c3d703c047c227485dabdf7310b
paths6,4096,128,0.0759363525390625,0.161330078125,0.833269166,48.85752868652344,465549,70834,27723,0.082386167,0.0831 0.0822 0.0819 0.0824 0.0825,0.03093665879999995,0.014686243400000033,0.013554687999999983,0.023185757400000024,72f6936d8ee5f05b373f67d8d0b9fac4a8397c3d703c047c227485dabdf7310b
paths6,8192,128,0.03894718017578125,0.0848826904296875,0.843117458,97.70909118652344,764118,67843,27723,0.09345525,0.0936 0.0897 0.0894 0.1242 0.0935,0.03202387980000004,0.015575962400000072,0.02671017239999997,0.023696968399999956,72f6936d8ee5f05b373f67d8d0b9fac4a8397c3d703c047c227485dabdf7310b
paths4+branches,512,128,0.3361508984375,0.55901953125,0.498171584,6.1124114990234375,197541,180577,27723,0.083571416,0.0842 0.0842 0.0831 0.0836 0.0825,0.015037685199999984,0.014138633599999945,0.0024506451999999957,0.051826622600000004,72f6936d8ee5f05b373f67d8d0b9fac4a8397c3d703c047c227485dabdf7310b
paths4+branches,1024,128,0.19022806640625,0.3443876953125,0.4970305,12.218856811523438,192596,106554,27723,0.0664045,0.0682 0.0677 0.0664 0.0661 0.0661,0.015000388599999956,0.014502670000000016,0.003735615600000007,0.03359377400000003,72f6936d8ee5f05b373f67d8d0b9fac4a8397c3d703c047c227485dabdf7310b
paths4+branches,2048,128,0.100207138671875,0.19213134765625,0.502622,24.431747436523438,269899,79671,27723,0.059794,0.0630 0.0595 0.0588 0.0598 0.0599,0.015063986399999976,0.014556677200000005,0.005885404800000003,0.02463335280000002,72f6936d8ee5f05b373f67d8d0b9fac4a8397c3d703c047c227485dabdf7310b
paths4+branches,4096,128,0.0513993310546875,0.1013857421875,0.513797792,48.85752868652344,407021,73148,27723,0.067162541,0.0687 0.0663 0.0664 0.0672 0.0682,0.014953489599999984,0.014579726799999998,0.012777095999999974,0.02496469260000003,72f6936d8ee5f05b373f67d8d0b9fac4a8397c3d703c047c227485dabdf7310b
paths4+branches,8192,128,0.02608320068359375,0.05216650390625,0.526099625,97.70909118652344,660284,71317,27723,0.079814125,0.0832 0.0796 0.0798 0.0810 0.0776,0.01488239280000004,0.014625556599999999,0.025036782999999993,0.025618169999999954,72f6936d8ee5f05b373f67d8d0b9fac4a8397c3d703c047c227485dabdf7310b
paths4+cycles,512,128,0.32962859375,0.5454453125,0.560894208,6.1124114990234375,208991,190004,27723,0.090330958,0.0905 0.0903 0.0905 0.0883 0.0881,0.018147188999999994,0.01434851119999998,0.0025829225999999873,0.05441240039999991,72f6936d8ee5f05b373f67d8d0b9fac4a8397c3d703c047c227485dabdf7310b
paths4+cycles,1024,128,0.18626912109375,0.3348955078125,0.566058791,12.218856811523438,199282,108483,27723,0.069961041,0.0722 0.0706 0.0692 0.0695 0.0700,0.01788163519999997,0.01442587639999998,0.0038646978000000027,0.03406492320000004,72f6936d8ee5f05b373f67d8d0b9fac4a8397c3d703c047c227485dabdf7310b
paths4+cycles,2048,128,0.097882978515625,0.1857490234375,0.571763084,24.431747436523438,275592,84789,27723,0.066002917,0.0676 0.0650 0.0660 0.0670 0.0649,0.01801273700000003,0.014625040199999974,0.006155190600000004,0.027255272600000022,72f6936d8ee5f05b373f67d8d0b9fac4a8397c3d703c047c227485dabdf7310b
paths4+cycles,4096,128,0.0500983544921875,0.097618408203125,0.581217625,48.85752868652344,419027,78283,27723,0.072763166,0.0757 0.0738 0.0728 0.0724 0.0727,0.017788986599999987,0.01459118639999994,0.013565181800000027,0.027470030399999953,72f6936d8ee5f05b373f67d8d0b9fac4a8397c3d703c047c227485dabdf7310b
paths4+cycles,8192,128,0.02540554443359375,0.0501656494140625,0.592408916,97.70909118652344,656347,76526,27723,0.08627075,0.0881 0.0863 0.0850 0.0848 0.0880,0.017782116800000036,0.014693786000000004,0.02581644240000002,0.028089694199999963,72f6936d8ee5f05b373f67d8d0b9fac4a8397c3d703c047c227485dabdf7310b
paths4+branches+cycles,512,128,0.34027640625,0.564341796875,0.578510209,6.1124114990234375,190044,174467,27723,0.085466166,0.0855 0.0864 0.0862 0.0841 0.0849,0.018702157799999997,0.014294668000000019,0.0024185937999999974,0.04992572799999978,72f6936d8ee5f05b373f67d8d0b9fac4a8397c3d703c047c227485dabdf7310b
paths4+branches+cycles,1024,128,0.1931528125,0.349701171875,0.580959333,12.218856811523438,180196,97217,27723,0.066689334,0.0688 0.0662 0.0667 0.0673 0.0661,0.018500679000000006,0.014486054400000064,0.003550578999999992,0.03041088659999992,72f6936d8ee5f05b373f67d8d0b9fac4a8397c3d703c047c227485dabdf7310b
paths4+branches+cycles,2048,128,0.101856171875,0.1954072265625,0.586815041,24.431747436523438,253242,72477,27723,0.061102583,0.0625 0.0610 0.0611 0.0602 0.0637,0.018621276399999994,0.01465814579999997,0.0057125391999999975,0.02267147879999997,72f6936d8ee5f05b373f67d8d0b9fac4a8397c3d703c047c227485dabdf7310b
paths4+branches+cycles,4096,128,0.0522557373046875,0.10312255859375,0.598016459,48.85752868652344,385010,66453,27723,0.06706325,0.0683 0.0674 0.0670 0.0671 0.0667,0.01815899679999998,0.014468885799999973,0.012086330599999955,0.022511695600000024,72f6936d8ee5f05b373f67d8d0b9fac4a8397c3d703c047c227485dabdf7310b
paths4+branches+cycles,8192,128,0.0265213134765625,0.053061767578125,0.607716792,97.70909118652344,626879,64765,27723,0.079830584,0.0819 0.0794 0.0797 0.0799 0.0798,0.018121094799999994,0.014672892800000017,0.02401092360000002,0.02328335659999996,72f6936d8ee5f05b373f67d8d0b9fac4a8397c3d703c047c227485dabdf7310b
paths4+long6+branches+cycles,512,128,0.3842822265625,0.619306640625,0.746825583,6.1124114990234375,212381,201211,27723,0.097519125,0.1002 0.0973 0.0980 0.0975 0.0970,0.026612942399999916,0.013838455599999997,0.0024810477999999956,0.055006864600000184,72f6936d8ee5f05b373f67d8d0b9fac4a8397c3d703c047c227485dabdf7310b
paths4+long6+branches+cycles,1024,128,0.2223044921875,0.3944072265625,0.757356167,12.218856811523438,176730,93728,27723,0.07431925,0.0744 0.0743 0.0733 0.0748 0.0722,0.02654791679999991,0.01455937199999999,0.0035332329999999985,0.029101166600000027,72f6936d8ee5f05b373f67d8d0b9fac4a8397c3d703c047c227485dabdf7310b
paths4+long6+branches+cycles,2048,128,0.11915560546875,0.22531005859375,0.759358375,24.431747436523438,243536,66311,27723,0.068551708,0.0686 0.0678 0.0712 0.0694 0.0680,0.026511911999999985,0.014787040399999967,0.0061023197999999865,0.021550246000000044,72f6936d8ee5f05b373f67d8d0b9fac4a8397c3d703c047c227485dabdf7310b
paths4+long6+branches+cycles,4096,128,0.0617526611328125,0.120615966796875,0.776112708,48.85752868652344,406767,59838,27723,0.073428042,0.0747 0.0734 0.0734 0.0722 0.0738,0.026201229200000068,0.014765756799999979,0.012444540000000004,0.02002573359999993,72f6936d8ee5f05b373f67d8d0b9fac4a8397c3d703c047c227485dabdf7310b
paths4+long6+branches+cycles,8192,128,0.0314908544921875,0.06252392578125,0.783844541,97.70909118652344,679878,57791,27723,0.081365125,0.0841 0.0833 0.0814 0.0808 0.0799,0.025998752600000015,0.014787342400000044,0.02206863139999994,0.01896196620000006,72f6936d8ee5f05b373f67d8d0b9fac4a8397c3d703c047c227485dabdf7310b
paths4+long8+branches+cycles,512,128,0.415580078125,0.6663125,0.94478175,6.1124114990234375,328152,319761,27723,0.137757166,0.1372 0.1349 0.1378 0.1381 0.1383,0.037710461400000006,0.01309927640000003,0.0031972301999999894,0.08318810960000013,72f6936d8ee5f05b373f67d8d0b9fac4a8397c3d703c047c227485dabdf7310b
paths4+long8+branches+cycles,1024,128,0.24593138671875,0.4410947265625,0.940355667,12.218856811523438,187147,103412,27723,0.087868542,0.0887 0.0884 0.0878 0.0879 0.0873,0.037706040200000034,0.014897633599999995,0.003751072600000006,0.03160717340000004,72f6936d8ee5f05b373f67d8d0b9fac4a8397c3d703c047c227485dabdf7310b
paths4+long8+branches+cycles,2048,128,0.133880166015625,0.2586572265625,0.950161167,24.431747436523438,247243,67142,27723,0.07971875,0.0807 0.0799 0.0795 0.0797 0.0795,0.037352617000000005,0.014811755200000025,0.006070819400000016,0.021553913999999997,72f6936d8ee5f05b373f67d8d0b9fac4a8397c3d703c047c227485dabdf7310b
paths4+long8+branches+cycles,4096,128,0.070166875,0.141283203125,0.985265625,48.85752868652344,411027,59035,27723,0.084516375,0.0845 0.0833 0.0837 0.0848 0.0847,0.0368741759999999,0.01475841799999999,0.012694469999999977,0.01981117060000003,72f6936d8ee5f05b373f67d8d0b9fac4a8397c3d703c047c227485dabdf7310b
paths4+long8+branches+cycles,8192,128,0.03598640869140625,0.074061279296875,0.976775917,97.70909118652344,695213,56597,27723,0.092270584,0.0984 0.0956 0.0923 0.0917 0.0912,0.036813550200000066,0.01487651780000005,0.02303645320000002,0.01902057719999998,72f6936d8ee5f05b373f67d8d0b9fac4a8397c3d703c047c227485dabdf7310b
