fp_kind,fp_bits,postings,query_density,target_density,build_seconds,index_mib,candidates,matches,match_median_seconds,match_seconds,digest
atoms,2048,128,0.015233125,0.03831396484375,0.136427625,24.431747436523438,3101522,27723,2.161080958,2.0370 2.1823 2.0060 2.1611 2.1722,72f6936d8ee5f05b373f67d8d0b9fac4a8397c3d703c047c227485dabdf7310b
atoms,4096,128,0.0076261865234375,0.019298583984375,0.13602625,48.85752868652344,3031375,27723,2.013312625,1.9962 2.0358 2.0133 2.0150 2.0115,72f6936d8ee5f05b373f67d8d0b9fac4a8397c3d703c047c227485dabdf7310b
atoms,8192,128,0.00381377685546875,0.009656494140625,0.137163167,97.70909118652344,3007897,27723,2.212510583,2.2277 2.2184 2.2125 2.1843 2.1841,72f6936d8ee5f05b373f67d8d0b9fac4a8397c3d703c047c227485dabdf7310b
paths2,2048,128,0.050231259765625,0.1079306640625,0.375632,24.431747436523438,261012,27723,0.227788917,0.2251 0.2383 0.2278 0.2307 0.2194,72f6936d8ee5f05b373f67d8d0b9fac4a8397c3d703c047c227485dabdf7310b
paths2,4096,128,0.0252941845703125,0.055471923828125,0.374427458,48.85752868652344,246688,27723,0.225922583,0.2336 0.2304 0.2123 0.2256 0.2259,72f6936d8ee5f05b373f67d8d0b9fac4a8397c3d703c047c227485dabdf7310b
paths2,8192,128,0.0127121484375,0.0280771484375,0.39599825,97.70909118652344,240897,27723,0.2465095,0.2500 0.2605 0.2465 0.2450 0.2391,72f6936d8ee5f05b373f67d8d0b9fac4a8397c3d703c047c227485dabdf7310b
paths4,2048,128,0.096231181640625,0.182458984375,0.77352775,24.431747436523438,95748,27723,0.112901417,0.1193 0.1170 0.1123 0.1129 0.1117,72f6936d8ee5f05b373f67d8d0b9fac4a8397c3d703c047c227485dabdf7310b
paths4,4096,128,0.049241083984375,0.095875732421875,0.777269,48.85752868652344,88651,27723,0.114474667,0.1201 0.1170 0.1145 0.1126 0.1123,72f6936d8ee5f05b373f67d8d0b9fac4a8397c3d703c047c227485dabdf7310b
paths4,8192,128,0.0249671337890625,0.0492686767578125,0.786259084,97.70909118652344,86771,27723,0.13270275,0.1342 0.1325 0.1330 0.1327 0.1325,72f6936d8ee5f05b373f67d8d0b9fac4a8397c3d703c047c227485dabdf7310b
paths4-nocount,2048,128,0.047343798828125,0.08837841796875,0.762995,24.431747436523438,166628,27723,0.155993833,0.1577 0.1542 0.1572 0.1560 0.1529,72f6936d8ee5f05b373f67d8d0b9fac4a8397c3d703c047c227485dabdf7310b
paths4-nocount,4096,128,0.023946181640625,0.045271240234375,0.778313125,48.85752868652344,160204,27723,0.188510792,0.1993 0.1719 0.1885 0.1893 0.1728,72f6936d8ee5f05b373f67d8d0b9fac4a8397c3d703c047c227485dabdf7310b
paths4-nocount,8192,128,0.012039013671875,0.0229169921875,0.787968292,97.70909118652344,158227,27723,0.199571542,0.1896 0.1867 0.1996 0.2075 0.2020,72f6936d8ee5f05b373f67d8d0b9fac4a8397c3d703c047c227485dabdf7310b
paths6,2048,128,0.144392978515625,0.29228759765625,1.356566708,24.431747436523438,80524,27723,0.128932708,0.1313 0.1257 0.1231 0.1289 0.1328,72f6936d8ee5f05b373f67d8d0b9fac4a8397c3d703c047c227485dabdf7310b
paths6,4096,128,0.0759363525390625,0.161330078125,1.360750916,48.85752868652344,70834,27723,0.132986167,0.1330 0.1308 0.1283 0.1390 0.1383,72f6936d8ee5f05b373f67d8d0b9fac4a8397c3d703c047c227485dabdf7310b
paths6,8192,128,0.03894718017578125,0.0848826904296875,1.3586719999999999,97.70909118652344,67843,27723,0.147499708,0.1641 0.1500 0.1474 0.1475 0.1462,72f6936d8ee5f05b373f67d8d0b9fac4a8397c3d703c047c227485dabdf7310b
paths4+branches,2048,128,0.100207138671875,0.19213134765625,0.785328583,24.431747436523438,79671,27723,0.099923417,0.0986 0.0997 0.0999 0.1003 0.1001,72f6936d8ee5f05b373f67d8d0b9fac4a8397c3d703c047c227485dabdf7310b
paths4+branches,4096,128,0.0513993310546875,0.1013857421875,0.813722375,48.85752868652344,73148,27723,0.105151292,0.1067 0.1052 0.1050 0.1045 0.1052,72f6936d8ee5f05b373f67d8d0b9fac4a8397c3d703c047c227485dabdf7310b
paths4+branches,8192,128,0.02608320068359375,0.05216650390625,0.805953167,97.70909118652344,71317,27723,0.118395375,0.1199 0.1182 0.1184 0.1197 0.1175,72f6936d8ee5f05b373f67d8d0b9fac4a8397c3d703c047c227485dabdf7310b
paths4+cycles,2048,128,0.097882978515625,0.1857490234375,0.869703959,24.431747436523438,84789,27723,0.1068285,0.1101 0.1068 0.1075 0.1061 0.1057,72f6936d8ee5f05b373f67d8d0b9fac4a8397c3d703c047c227485dabdf7310b
paths4+cycles,4096,128,0.0500983544921875,0.097618408203125,0.879817792,48.85752868652344,78283,27723,0.117793584,0.1181 0.1192 0.1178 0.1146 0.1135,72f6936d8ee5f05b373f67d8d0b9fac4a8397c3d703c047c227485dabdf7310b
paths4+cycles,8192,128,0.02540554443359375,0.0501656494140625,0.883365,97.70909118652344,76526,27723,0.1218495,0.1280 0.1215 0.1220 0.1218 0.1191,72f6936d8ee5f05b373f67d8d0b9fac4a8397c3d703c047c227485dabdf7310b
paths4+branches+cycles,2048,128,0.101856171875,0.1954072265625,0.879188458,24.431747436523438,72477,27723,0.0984105,0.0992 0.0978 0.0984 0.0995 0.0976,72f6936d8ee5f05b373f67d8d0b9fac4a8397c3d703c047c227485dabdf7310b
paths4+branches+cycles,4096,128,0.0522557373046875,0.10312255859375,0.884924792,48.85752868652344,66453,27723,0.115705375,0.1157 0.1143 0.1099 0.1185 0.1219,72f6936d8ee5f05b373f67d8d0b9fac4a8397c3d703c047c227485dabdf7310b
paths4+branches+cycles,8192,128,0.0265213134765625,0.053061767578125,0.907205125,97.70909118652344,64765,27723,0.119307083,0.1213 0.1193 0.1156 0.1149 0.1206,72f6936d8ee5f05b373f67d8d0b9fac4a8397c3d703c047c227485dabdf7310b
